path,width,height,sharpness,contrast,brightness,heuristic_bucket,human_verdict,notes
dataset\Dataset\Dataset\test\1.0.jpg,1632,1224,415.97,34.14,160.75,good,good,"heuristic-proxy verdict, not manually reviewed"
dataset\Dataset\Dataset\test\1.1.jpg,1632,1224,415.97,34.14,160.75,good,good,"heuristic-proxy verdict, not manually reviewed"
dataset\Dataset\Dataset\test\1.10.jpg,2048,1536,486.46,33.29,161.78,good,good,"heuristic-proxy verdict, not manually reviewed"
dataset\Dataset\Dataset\test\1.11.jpg,2048,1536,486.46,33.29,161.78,good,good,"heuristic-proxy verdict, not manually reviewed"
dataset\Dataset\Dataset\test\1.12.jpg,2048,1536,288.05,30.52,162.33,good,good,"heuristic-proxy verdict, not manually reviewed"
dataset\Dataset\Dataset\test\1.13.jpg,2048,1536,288.05,30.52,162.33,good,good,"heuristic-proxy verdict, not manually reviewed"
dataset\Dataset\Dataset\test\1.14.jpg,2048,1536,271.46,30.33,163.88,good,good,"heuristic-proxy verdict, not manually reviewed"
dataset\Dataset\Dataset\test\1.15.jpg,2048,1536,271.46,30.33,163.88,good,good,"heuristic-proxy verdict, not manually reviewed"
dataset\Dataset\Dataset\test\1.16.jpg,2048,1536,240.97,29.45,157.16,good,good,"heuristic-proxy verdict, not manually reviewed"
dataset\Dataset\Dataset\test\1.17.jpg,2048,1536,240.97,29.45,157.16,good,good,"heuristic-proxy verdict, not manually reviewed"
dataset\Dataset\Dataset\test\1.18.jpg,2048,1536,556.8,34.95,157.89,good,good,"heuristic-proxy verdict, not manually reviewed"
dataset\Dataset\Dataset\test\1.19.jpg,2048,1536,556.8,34.95,157.89,good,good,"heuristic-proxy verdict, not manually reviewed"
dataset\Dataset\Dataset\test\1.2.jpg,2048,1536,376.36,35.15,168.4,good,good,"heuristic-proxy verdict, not manually reviewed"
dataset\Dataset\Dataset\test\1.20.jpg,2048,1536,590.97,34.32,157.29,good,good,"heuristic-proxy verdict, not manually reviewed"
dataset\Dataset\Dataset\test\1.21.jpg,2048,1536,590.97,34.32,157.29,good,good,"heuristic-proxy verdict, not manually reviewed"
dataset\Dataset\Dataset\test\1.22.jpg,2048,1536,495.23,34.01,157.32,good,good,"heuristic-proxy verdict, not manually reviewed"
dataset\Dataset\Dataset\test\1.23.jpg,2048,1536,495.23,34.01,157.32,good,good,"heuristic-proxy verdict, not manually reviewed"
dataset\Dataset\Dataset\test\1.24.jpg,2048,1536,511.94,31.75,160.22,good,good,"heuristic-proxy verdict, not manually reviewed"
dataset\Dataset\Dataset\test\1.3.jpg,2048,1536,376.36,35.15,168.4,good,good,"heuristic-proxy verdict, not manually reviewed"
dataset\Dataset\Dataset\test\1.4.jpg,2048,1536,347.56,33.27,162.2,good,good,"heuristic-proxy verdict, not manually reviewed"
dataset\Dataset\Dataset\test\1.5.jpg,2048,1536,347.56,33.27,162.2,good,good,"heuristic-proxy verdict, not manually reviewed"
dataset\Dataset\Dataset\test\1.6.jpg,2048,1536,345.41,32.47,167.6,good,good,"heuristic-proxy verdict, not manually reviewed"
dataset\Dataset\Dataset\test\1.7.jpg,2048,1536,345.41,32.47,167.6,good,good,"heuristic-proxy verdict, not manually reviewed"
dataset\Dataset\Dataset\test\1.8.jpg,2048,1536,613.62,35.13,163.77,good,good,"heuristic-proxy verdict, not manually reviewed"
dataset\Dataset\Dataset\test\1.9.jpg,2048,1536,613.62,35.13,163.77,good,good,"heuristic-proxy verdict, not manually reviewed"
dataset\Dataset\Dataset\test\2.0.jpg,2504,842,7366.99,43.43,205.44,good,good,"heuristic-proxy verdict, not manually reviewed"
dataset\Dataset\Dataset\test\2.1.jpg,2498,847,8718.16,47.31,208.96,good,good,"heuristic-proxy verdict, not manually reviewed"
dataset\Dataset\Dataset\test\2.10.jpg,2510,824,10817.61,53.93,208.07,good,good,"heuristic-proxy verdict, not manually reviewed"
dataset\Dataset\Dataset\test\2.11.jpg,2460,827,8341.43,52.76,211.25,good,good,"heuristic-proxy verdict, not manually reviewed"
dataset\Dataset\Dataset\test\2.12.jpg,2460,834,8784.63,51.78,211.2,good,good,"heuristic-proxy verdict, not manually reviewed"
dataset\Dataset\Dataset\test\2.13.jpg,2513,861,8099.04,49.98,212.92,good,good,"heuristic-proxy verdict, not manually reviewed"
dataset\Dataset\Dataset\test\2.14.jpg,2491,826,9008.94,52.1,211.96,good,good,"heuristic-proxy verdict, not manually reviewed"
dataset\Dataset\Dataset\test\2.15.jpg,2153,698,11077.52,58.9,200.15,good,good,HAND-REVIEWED: confirmed good
dataset\Dataset\Dataset\test\2.16.jpg,2504,860,10613.2,52.96,210.75,good,good,"heuristic-proxy verdict, not manually reviewed"
dataset\Dataset\Dataset\test\2.17.jpg,2489,856,9441.01,50.11,215.94,good,good,"heuristic-proxy verdict, not manually reviewed"
dataset\Dataset\Dataset\test\2.18.jpg,2499,850,10471.28,53.47,216.0,good,good,"heuristic-proxy verdict, not manually reviewed"
dataset\Dataset\Dataset\test\2.19.jpg,2498,854,10462.16,52.45,213.4,good,good,"heuristic-proxy verdict, not manually reviewed"
dataset\Dataset\Dataset\test\2.2.jpg,2509,844,7683.85,45.1,214.3,good,good,"heuristic-proxy verdict, not manually reviewed"
dataset\Dataset\Dataset\test\2.20.jpg,2466,821,10221.26,53.55,207.96,good,good,"heuristic-proxy verdict, not manually reviewed"
dataset\Dataset\Dataset\test\2.21.jpg,2467,846,7747.67,51.28,210.78,good,good,"heuristic-proxy verdict, not manually reviewed"
dataset\Dataset\Dataset\test\2.22.jpg,2350,818,10944.07,59.29,203.06,good,good,"heuristic-proxy verdict, not manually reviewed"
dataset\Dataset\Dataset\test\2.23.jpg,2525,838,8277.45,53.22,210.63,good,good,"heuristic-proxy verdict, not manually reviewed"
dataset\Dataset\Dataset\test\2.24.jpg,2491,864,7345.11,47.5,211.61,good,good,"heuristic-proxy verdict, not manually reviewed"
dataset\Dataset\Dataset\test\2.3.jpg,2468,843,8650.69,52.84,213.63,good,good,"heuristic-proxy verdict, not manually reviewed"
dataset\Dataset\Dataset\test\2.4.jpg,2460,836,7888.06,49.9,216.57,good,good,"heuristic-proxy verdict, not manually reviewed"
dataset\Dataset\Dataset\test\2.5.jpg,2488,847,9188.41,51.97,212.86,good,good,"heuristic-proxy verdict, not manually reviewed"
dataset\Dataset\Dataset\test\2.6.jpg,2465,830,8072.84,51.51,213.93,good,good,"heuristic-proxy verdict, not manually reviewed"
dataset\Dataset\Dataset\test\2.7.jpg,2480,826,9242.65,49.54,210.67,good,good,"heuristic-proxy verdict, not manually reviewed"
dataset\Dataset\Dataset\test\2.8.jpg,2474,824,9882.91,51.92,211.21,good,good,"heuristic-proxy verdict, not manually reviewed"
dataset\Dataset\Dataset\test\2.9.jpg,2520,830,10870.61,52.7,211.3,good,good,"heuristic-proxy verdict, not manually reviewed"
dataset\Dataset\Dataset\test\3.0.jpg,3204,500,592.75,21.48,93.78,acceptable,acceptable,"heuristic-proxy verdict, not manually reviewed"
dataset\Dataset\Dataset\test\3.1.jpg,3877,2901,125.54,20.38,27.37,acceptable,acceptable,"heuristic-proxy verdict, not manually reviewed"
dataset\Dataset\Dataset\test\3.10.jpg,1955,396,258.09,17.62,90.19,acceptable,acceptable,"heuristic-proxy verdict, not manually reviewed"
dataset\Dataset\Dataset\test\3.11.jpg,1953,420,311.69,25.15,91.11,good,good,"heuristic-proxy verdict, not manually reviewed"
dataset\Dataset\Dataset\test\3.12.jpg,1952,396,210.67,16.45,80.25,acceptable,acceptable,"heuristic-proxy verdict, not manually reviewed"
dataset\Dataset\Dataset\test\3.13.jpg,1909,427,102.64,17.0,84.34,acceptable,acceptable,"heuristic-proxy verdict, not manually reviewed"
dataset\Dataset\Dataset\test\3.14.jpg,1965,432,343.78,25.91,90.81,good,good,"heuristic-proxy verdict, not manually reviewed"
dataset\Dataset\Dataset\test\3.15.jpg,1967,381,215.68,16.12,92.56,acceptable,acceptable,"heuristic-proxy verdict, not manually reviewed"
dataset\Dataset\Dataset\test\3.16.jpg,2644,468,875.14,19.29,81.25,acceptable,acceptable,"heuristic-proxy verdict, not manually reviewed"
dataset\Dataset\Dataset\test\3.17.jpg,1989,425,425.59,25.41,92.69,good,good,"heuristic-proxy verdict, not manually reviewed"
dataset\Dataset\Dataset\test\3.18.jpg,3222,444,789.98,19.99,98.98,acceptable,acceptable,"heuristic-proxy verdict, not manually reviewed"
dataset\Dataset\Dataset\test\3.19.jpg,1954,406,359.63,23.66,104.66,acceptable,acceptable,"heuristic-proxy verdict, not manually reviewed"
dataset\Dataset\Dataset\test\3.2.jpg,1909,427,102.64,17.0,84.34,acceptable,acceptable,"heuristic-proxy verdict, not manually reviewed"
dataset\Dataset\Dataset\test\3.20.jpg,1946,407,392.55,22.71,99.46,acceptable,acceptable,"heuristic-proxy verdict, not manually reviewed"
dataset\Dataset\Dataset\test\3.21.jpg,3877,2901,158.92,21.53,27.58,acceptable,acceptable,"heuristic-proxy verdict, not manually reviewed"
dataset\Dataset\Dataset\test\3.22.jpg,1936,318,290.4,24.26,101.25,acceptable,acceptable,"heuristic-proxy verdict, not manually reviewed"
dataset\Dataset\Dataset\test\3.23.jpg,1944,388,280.07,21.78,99.63,acceptable,acceptable,"heuristic-proxy verdict, not manually reviewed"
dataset\Dataset\Dataset\test\3.24.jpg,1964,441,324.66,21.1,74.69,acceptable,acceptable,"heuristic-proxy verdict, not manually reviewed"
dataset\Dataset\Dataset\test\3.3.jpg,2691,472,623.55,19.04,77.11,acceptable,acceptable,"heuristic-proxy verdict, not manually reviewed"
dataset\Dataset\Dataset\test\3.4.jpg,1966,428,499.67,27.9,97.02,good,good,"heuristic-proxy verdict, not manually reviewed"
dataset\Dataset\Dataset\test\3.5.jpg,1966,394,499.62,21.56,92.96,acceptable,acceptable,"heuristic-proxy verdict, not manually reviewed"
dataset\Dataset\Dataset\test\3.6.jpg,1978,381,486.88,20.51,106.26,acceptable,acceptable,"heuristic-proxy verdict, not manually reviewed"
dataset\Dataset\Dataset\test\3.7.jpg,1953,392,219.2,13.29,97.66,acceptable,acceptable,"heuristic-proxy verdict, not manually reviewed"
dataset\Dataset\Dataset\test\3.8.jpg,1950,384,212.51,16.93,99.5,acceptable,acceptable,"heuristic-proxy verdict, not manually reviewed"
dataset\Dataset\Dataset\test\3.9.jpg,1958,433,412.65,25.62,99.99,good,good,"heuristic-proxy verdict, not manually reviewed"
dataset\Dataset\Dataset\test\4.0.jpg,2048,1536,936.3,36.67,145.2,good,good,"heuristic-proxy verdict, not manually reviewed"
dataset\Dataset\Dataset\test\4.1.jpg,2048,1536,936.3,36.67,145.2,good,good,"heuristic-proxy verdict, not manually reviewed"
dataset\Dataset\Dataset\test\4.10.jpg,2048,1536,565.48,37.72,148.46,good,good,"heuristic-proxy verdict, not manually reviewed"
dataset\Dataset\Dataset\test\4.11.jpg,2048,1536,260.57,14.95,139.05,acceptable,acceptable,"heuristic-proxy verdict, not manually reviewed"
dataset\Dataset\Dataset\test\4.12.jpg,2048,1536,260.57,14.95,139.05,acceptable,acceptable,"heuristic-proxy verdict, not manually reviewed"
dataset\Dataset\Dataset\test\4.13.jpg,2048,1536,458.09,31.78,124.46,good,good,"heuristic-proxy verdict, not manually reviewed"
dataset\Dataset\Dataset\test\4.14.jpg,2048,1536,369.74,16.99,141.39,acceptable,acceptable,"heuristic-proxy verdict, not manually reviewed"
dataset\Dataset\Dataset\test\4.15.jpg,2048,1536,369.74,16.99,141.39,acceptable,acceptable,"heuristic-proxy verdict, not manually reviewed"
dataset\Dataset\Dataset\test\4.16.jpg,2048,1536,1109.64,27.98,143.06,good,good,"heuristic-proxy verdict, not manually reviewed"
dataset\Dataset\Dataset\test\4.17.jpg,2048,1536,1109.64,27.98,143.06,good,good,"heuristic-proxy verdict, not manually reviewed"
dataset\Dataset\Dataset\test\4.18.jpg,2048,1536,1152.96,28.35,143.75,good,good,"heuristic-proxy verdict, not manually reviewed"
dataset\Dataset\Dataset\test\4.19.jpg,2048,1536,1152.96,28.35,143.75,good,good,"heuristic-proxy verdict, not manually reviewed"
dataset\Dataset\Dataset\test\4.2.jpg,2048,1536,458.09,31.78,124.46,good,good,"heuristic-proxy verdict, not manually reviewed"
dataset\Dataset\Dataset\test\4.20.jpg,2048,1536,183.66,22.4,157.44,acceptable,acceptable,"heuristic-proxy verdict, not manually reviewed"
dataset\Dataset\Dataset\test\4.21(1).jpg,2048,1536,183.66,22.4,157.44,acceptable,acceptable,"heuristic-proxy verdict, not manually reviewed"
dataset\Dataset\Dataset\test\4.21(2).jpg,2048,1536,183.66,22.4,157.44,acceptable,acceptable,"heuristic-proxy verdict, not manually reviewed"
dataset\Dataset\Dataset\test\4.21.jpg,2048,1536,183.66,22.4,157.44,acceptable,acceptable,"heuristic-proxy verdict, not manually reviewed"
dataset\Dataset\Dataset\test\4.22(1).jpg,2048,1536,627.6,20.2,150.43,acceptable,acceptable,"heuristic-proxy verdict, not manually reviewed"
dataset\Dataset\Dataset\test\4.22(2).jpg,2048,1536,627.6,20.2,150.43,acceptable,acceptable,"heuristic-proxy verdict, not manually reviewed"
dataset\Dataset\Dataset\test\4.22.jpg,2048,1536,627.6,20.2,150.43,acceptable,acceptable,"heuristic-proxy verdict, not manually reviewed"
dataset\Dataset\Dataset\test\4.23(1).jpg,2048,1536,627.6,20.2,150.43,acceptable,acceptable,"heuristic-proxy verdict, not manually reviewed"
dataset\Dataset\Dataset\test\4.23(2).jpg,2048,1536,627.6,20.2,150.43,acceptable,acceptable,"heuristic-proxy verdict, not manually reviewed"
dataset\Dataset\Dataset\test\4.23.jpg,2048,1536,627.6,20.2,150.43,acceptable,acceptable,"heuristic-proxy verdict, not manually reviewed"
dataset\Dataset\Dataset\test\4.24(1).jpg,2048,1536,435.73,31.51,126.18,good,good,"heuristic-proxy verdict, not manually reviewed"
dataset\Dataset\Dataset\test\4.24(2).jpg,2048,1536,435.73,31.51,126.18,good,good,"heuristic-proxy verdict, not manually reviewed"
dataset\Dataset\Dataset\test\4.24.jpg,2048,1536,435.73,31.51,126.18,good,good,"heuristic-proxy verdict, not manually reviewed"
dataset\Dataset\Dataset\test\4.3(1).jpg,2048,1536,419.2,28.72,160.98,good,good,"heuristic-proxy verdict, not manually reviewed"
dataset\Dataset\Dataset\test\4.3(2).jpg,2048,1536,419.2,28.72,160.98,good,good,"heuristic-proxy verdict, not manually reviewed"
dataset\Dataset\Dataset\test\4.3(3).jpg,2048,1536,419.2,28.72,160.98,good,good,"heuristic-proxy verdict, not manually reviewed"
dataset\Dataset\Dataset\test\4.3.jpg,2048,1536,419.2,28.72,160.98,good,good,"heuristic-proxy verdict, not manually reviewed"
dataset\Dataset\Dataset\test\4.4(1).jpg,2048,1536,419.2,28.72,160.98,good,good,"heuristic-proxy verdict, not manually reviewed"
dataset\Dataset\Dataset\test\4.4(2).jpg,2048,1536,419.2,28.72,160.98,good,good,"heuristic-proxy verdict, not manually reviewed"
dataset\Dataset\Dataset\test\4.4(3).jpg,2048,1536,419.2,28.72,160.98,good,good,"heuristic-proxy verdict, not manually reviewed"
dataset\Dataset\Dataset\test\4.4.jpg,2048,1536,419.2,28.72,160.98,good,good,"heuristic-proxy verdict, not manually reviewed"
dataset\Dataset\Dataset\test\4.5(1).jpg,2048,1536,483.67,28.74,166.17,good,good,"heuristic-proxy verdict, not manually reviewed"
dataset\Dataset\Dataset\test\4.5(2).jpg,2048,1536,483.67,28.74,166.17,good,good,"heuristic-proxy verdict, not manually reviewed"
dataset\Dataset\Dataset\test\4.5.jpg,2048,1536,483.67,28.74,166.17,good,good,"heuristic-proxy verdict, not manually reviewed"
dataset\Dataset\Dataset\test\4.6(1).jpg,2048,1536,483.67,28.74,166.17,good,good,"heuristic-proxy verdict, not manually reviewed"
dataset\Dataset\Dataset\test\4.6(2).jpg,2048,1536,483.67,28.74,166.17,good,good,"heuristic-proxy verdict, not manually reviewed"
dataset\Dataset\Dataset\test\4.6.jpg,2048,1536,483.67,28.74,166.17,good,good,"heuristic-proxy verdict, not manually reviewed"
dataset\Dataset\Dataset\test\4.7(1).jpg,2048,1536,331.05,28.17,161.52,good,good,"heuristic-proxy verdict, not manually reviewed"
dataset\Dataset\Dataset\test\4.7.jpg,2048,1536,331.05,28.17,161.52,good,good,"heuristic-proxy verdict, not manually reviewed"
dataset\Dataset\Dataset\test\4.8(1).jpg,2048,1536,331.05,28.17,161.52,good,good,"heuristic-proxy verdict, not manually reviewed"
dataset\Dataset\Dataset\test\4.8.jpg,2048,1536,331.05,28.17,161.52,good,good,"heuristic-proxy verdict, not manually reviewed"
dataset\Dataset\Dataset\test\4.9.jpg,2048,1536,565.48,37.72,148.46,good,good,"heuristic-proxy verdict, not manually reviewed"
dataset\Dataset\Dataset\train\1.0.jpg,1632,1224,415.97,34.14,160.75,good,good,"heuristic-proxy verdict, not manually reviewed"
dataset\Dataset\Dataset\train\1.1.jpg,1632,1224,415.97,34.14,160.75,good,good,"heuristic-proxy verdict, not manually reviewed"
dataset\Dataset\Dataset\train\1.10.jpg,2048,1536,486.46,33.29,161.78,good,good,"heuristic-proxy verdict, not manually reviewed"
dataset\Dataset\Dataset\train\1.100.jpg,2048,1536,568.36,34.51,157.7,good,good,"heuristic-proxy verdict, not manually reviewed"
dataset\Dataset\Dataset\train\1.101.jpg,2048,1536,568.36,34.51,157.7,good,good,"heuristic-proxy verdict, not manually reviewed"
dataset\Dataset\Dataset\train\1.102.jpg,2048,1536,440.5,34.12,156.62,good,good,"heuristic-proxy verdict, not manually reviewed"
dataset\Dataset\Dataset\train\1.103.jpg,2048,1536,440.5,34.12,156.62,good,good,"heuristic-proxy verdict, not manually reviewed"
dataset\Dataset\Dataset\train\1.104.jpg,2048,1536,491.17,35.35,157.97,good,good,"heuristic-proxy verdict, not manually reviewed"
dataset\Dataset\Dataset\train\1.105.jpg,2048,1536,491.17,35.35,157.97,good,good,"heuristic-proxy verdict, not manually reviewed"
dataset\Dataset\Dataset\train\1.106.jpg,2048,1536,526.1,34.21,155.79,good,good,"heuristic-proxy verdict, not manually reviewed"
dataset\Dataset\Dataset\train\1.107.jpg,2048,1536,526.1,34.21,155.79,good,good,"heuristic-proxy verdict, not manually reviewed"
dataset\Dataset\Dataset\train\1.108.jpg,2048,1536,478.51,35.55,155.08,good,good,"heuristic-proxy verdict, not manually reviewed"
dataset\Dataset\Dataset\train\1.109.jpg,2048,1536,478.51,35.55,155.08,good,good,"heuristic-proxy verdict, not manually reviewed"
dataset\Dataset\Dataset\train\1.11.jpg,2048,1536,486.46,33.29,161.78,good,good,"heuristic-proxy verdict, not manually reviewed"
dataset\Dataset\Dataset\train\1.110.jpg,2048,1536,515.16,36.15,156.93,good,good,"heuristic-proxy verdict, not manually reviewed"
dataset\Dataset\Dataset\train\1.111.jpg,2048,1536,515.16,36.15,156.93,good,good,"heuristic-proxy verdict, not manually reviewed"
dataset\Dataset\Dataset\train\1.112.jpg,2048,1536,524.7,36.15,157.39,good,good,"heuristic-proxy verdict, not manually reviewed"
dataset\Dataset\Dataset\train\1.113.jpg,2048,1536,524.7,36.15,157.39,good,good,"heuristic-proxy verdict, not manually reviewed"
dataset\Dataset\Dataset\train\1.114.jpg,2048,1536,525.98,36.05,168.87,good,good,"heuristic-proxy verdict, not manually reviewed"
dataset\Dataset\Dataset\train\1.115.jpg,2048,1536,525.98,36.05,168.87,good,good,"heuristic-proxy verdict, not manually reviewed"
dataset\Dataset\Dataset\train\1.116.jpg,2048,1536,558.77,35.6,163.67,good,good,"heuristic-proxy verdict, not manually reviewed"
dataset\Dataset\Dataset\train\1.117.jpg,2048,1536,558.77,35.6,163.67,good,good,"heuristic-proxy verdict, not manually reviewed"
dataset\Dataset\Dataset\train\1.118.jpg,2048,1536,550.7,36.14,163.14,good,good,"heuristic-proxy verdict, not manually reviewed"
dataset\Dataset\Dataset\train\1.119.jpg,2048,1536,550.7,36.14,163.14,good,good,"heuristic-proxy verdict, not manually reviewed"
dataset\Dataset\Dataset\train\1.12.jpg,2048,1536,288.05,30.52,162.33,good,good,"heuristic-proxy verdict, not manually reviewed"
dataset\Dataset\Dataset\train\1.120.jpg,2048,1536,612.88,37.88,162.17,good,good,"heuristic-proxy verdict, not manually reviewed"
dataset\Dataset\Dataset\train\1.121.jpg,2048,1536,612.88,37.88,162.17,good,good,"heuristic-proxy verdict, not manually reviewed"
dataset\Dataset\Dataset\train\1.122.jpg,2048,1536,602.28,36.5,164.4,good,good,"heuristic-proxy verdict, not manually reviewed"
dataset\Dataset\Dataset\train\1.123.jpg,2048,1536,602.28,36.5,164.4,good,good,"heuristic-proxy verdict, not manually reviewed"
dataset\Dataset\Dataset\train\1.124.jpg,2048,1536,593.44,37.36,160.6,good,good,"heuristic-proxy verdict, not manually reviewed"
dataset\Dataset\Dataset\train\1.125.jpg,2048,1536,593.44,37.36,160.6,good,good,"heuristic-proxy verdict, not manually reviewed"
dataset\Dataset\Dataset\train\1.126.jpg,2048,1536,590.21,37.86,160.4,good,good,"heuristic-proxy verdict, not manually reviewed"
dataset\Dataset\Dataset\train\1.127.jpg,2048,1536,590.21,37.86,160.4,good,good,"heuristic-proxy verdict, not manually reviewed"
dataset\Dataset\Dataset\train\1.128.jpg,2048,1536,627.98,36.11,165.15,good,good,"heuristic-proxy verdict, not manually reviewed"
dataset\Dataset\Dataset\train\1.129.jpg,2048,1536,627.98,36.11,165.15,good,good,"heuristic-proxy verdict, not manually reviewed"
dataset\Dataset\Dataset\train\1.13.jpg,2048,1536,288.05,30.52,162.33,good,good,"heuristic-proxy verdict, not manually reviewed"
dataset\Dataset\Dataset\train\1.130.jpg,2048,1536,447.61,36.04,167.74,good,good,"heuristic-proxy verdict, not manually reviewed"
dataset\Dataset\Dataset\train\1.131.jpg,2048,1536,447.61,36.04,167.74,good,good,"heuristic-proxy verdict, not manually reviewed"
dataset\Dataset\Dataset\train\1.132.jpg,2048,1536,523.21,34.97,164.99,good,good,"heuristic-proxy verdict, not manually reviewed"
dataset\Dataset\Dataset\train\1.133.jpg,2048,1536,523.21,34.97,164.99,good,good,"heuristic-proxy verdict, not manually reviewed"
dataset\Dataset\Dataset\train\1.134.jpg,2048,1536,508.98,36.71,162.42,good,good,"heuristic-proxy verdict, not manually reviewed"
dataset\Dataset\Dataset\train\1.135.jpg,2048,1536,508.98,36.71,162.42,good,good,"heuristic-proxy verdict, not manually reviewed"
dataset\Dataset\Dataset\train\1.136.jpg,2048,1536,542.84,34.71,162.47,good,good,"heuristic-proxy verdict, not manually reviewed"
dataset\Dataset\Dataset\train\1.137.jpg,2048,1536,542.84,34.71,162.47,good,good,"heuristic-proxy verdict, not manually reviewed"
dataset\Dataset\Dataset\train\1.138.jpg,2048,1536,555.68,36.54,165.2,good,good,"heuristic-proxy verdict, not manually reviewed"
dataset\Dataset\Dataset\train\1.139.jpg,2048,1536,555.68,36.54,165.2,good,good,"heuristic-proxy verdict, not manually reviewed"
dataset\Dataset\Dataset\train\1.14.jpg,2048,1536,271.46,30.33,163.88,good,good,"heuristic-proxy verdict, not manually reviewed"
dataset\Dataset\Dataset\train\1.140.jpg,2048,1536,489.15,34.7,168.03,good,good,"heuristic-proxy verdict, not manually reviewed"
dataset\Dataset\Dataset\train\1.141.jpg,2048,1536,489.15,34.7,168.03,good,good,"heuristic-proxy verdict, not manually reviewed"
dataset\Dataset\Dataset\train\1.142.jpg,2048,1536,407.8,35.67,168.39,good,good,"heuristic-proxy verdict, not manually reviewed"
dataset\Dataset\Dataset\train\1.143.jpg,2048,1536,407.8,35.67,168.39,good,good,"heuristic-proxy verdict, not manually reviewed"
dataset\Dataset\Dataset\train\1.144.jpg,2048,1536,422.85,35.99,167.01,good,good,"heuristic-proxy verdict, not manually reviewed"
dataset\Dataset\Dataset\train\1.145.jpg,2048,1536,422.85,35.99,167.01,good,good,"heuristic-proxy verdict, not manually reviewed"
dataset\Dataset\Dataset\train\1.146.jpg,2048,1536,464.89,35.88,167.96,good,good,"heuristic-proxy verdict, not manually reviewed"
dataset\Dataset\Dataset\train\1.147.jpg,2048,1536,464.89,35.88,167.96,good,good,"heuristic-proxy verdict, not manually reviewed"
dataset\Dataset\Dataset\train\1.148.jpg,2048,1536,465.53,36.99,171.62,good,good,"heuristic-proxy verdict, not manually reviewed"
dataset\Dataset\Dataset\train\1.149.jpg,2048,1536,465.53,36.99,171.62,good,good,"heuristic-proxy verdict, not manually reviewed"
dataset\Dataset\Dataset\train\1.15.jpg,2048,1536,271.46,30.33,163.88,good,good,"heuristic-proxy verdict, not manually reviewed"
dataset\Dataset\Dataset\train\1.150.jpg,2048,1536,373.59,35.91,167.88,good,good,"heuristic-proxy verdict, not manually reviewed"
dataset\Dataset\Dataset\train\1.151.jpg,2048,1536,373.59,35.91,167.88,good,good,"heuristic-proxy verdict, not manually reviewed"
dataset\Dataset\Dataset\train\1.152.jpg,2048,1536,295.05,35.42,169.24,good,good,"heuristic-proxy verdict, not manually reviewed"
dataset\Dataset\Dataset\train\1.153.jpg,2048,1536,295.05,35.42,169.24,good,good,"heuristic-proxy verdict, not manually reviewed"
dataset\Dataset\Dataset\train\1.154.jpg,2048,1536,442.42,37.46,165.85,good,good,"heuristic-proxy verdict, not manually reviewed"
dataset\Dataset\Dataset\train\1.155.jpg,2048,1536,442.42,37.46,165.85,good,good,"heuristic-proxy verdict, not manually reviewed"
dataset\Dataset\Dataset\train\1.156.jpg,2048,1536,481.27,37.51,172.32,good,good,"heuristic-proxy verdict, not manually reviewed"
dataset\Dataset\Dataset\train\1.157.jpg,2048,1536,481.27,37.51,172.32,good,good,"heuristic-proxy verdict, not manually reviewed"
dataset\Dataset\Dataset\train\1.158.jpg,2048,1536,385.72,37.37,167.02,good,good,"heuristic-proxy verdict, not manually reviewed"
dataset\Dataset\Dataset\train\1.159.jpg,2048,1536,385.72,37.37,167.02,good,good,"heuristic-proxy verdict, not manually reviewed"
dataset\Dataset\Dataset\train\1.16.jpg,2048,1536,240.97,29.45,157.16,good,good,"heuristic-proxy verdict, not manually reviewed"
dataset\Dataset\Dataset\train\1.160.jpg,2048,1536,507.12,36.46,169.32,good,good,"heuristic-proxy verdict, not manually reviewed"
dataset\Dataset\Dataset\train\1.161.jpg,2048,1536,507.12,36.46,169.32,good,good,"heuristic-proxy verdict, not manually reviewed"
dataset\Dataset\Dataset\train\1.162.jpg,2048,1536,476.91,35.09,170.57,good,good,"heuristic-proxy verdict, not manually reviewed"
dataset\Dataset\Dataset\train\1.163.jpg,2048,1536,476.91,35.09,170.57,good,good,"heuristic-proxy verdict, not manually reviewed"
dataset\Dataset\Dataset\train\1.164.jpg,2048,1536,465.96,35.74,172.98,good,good,"heuristic-proxy verdict, not manually reviewed"
dataset\Dataset\Dataset\train\1.165.jpg,2048,1536,465.96,35.74,172.98,good,good,"heuristic-proxy verdict, not manually reviewed"
dataset\Dataset\Dataset\train\1.166.jpg,2048,1536,535.0,34.12,171.35,good,good,"heuristic-proxy verdict, not manually reviewed"
dataset\Dataset\Dataset\train\1.167.jpg,2048,1536,535.0,34.12,171.35,good,good,"heuristic-proxy verdict, not manually reviewed"
dataset\Dataset\Dataset\train\1.168.jpg,2048,1536,292.68,33.33,173.18,good,good,"heuristic-proxy verdict, not manually reviewed"
dataset\Dataset\Dataset\train\1.169.jpg,2048,1536,292.68,33.33,173.18,good,good,"heuristic-proxy verdict, not manually reviewed"
dataset\Dataset\Dataset\train\1.17.jpg,2048,1536,240.97,29.45,157.16,good,good,"heuristic-proxy verdict, not manually reviewed"
dataset\Dataset\Dataset\train\1.170.jpg,2048,1536,359.23,31.82,166.8,good,good,"heuristic-proxy verdict, not manually reviewed"
dataset\Dataset\Dataset\train\1.171.jpg,2048,1536,359.23,31.82,166.8,good,good,"heuristic-proxy verdict, not manually reviewed"
dataset\Dataset\Dataset\train\1.172.jpg,2048,1536,312.92,31.96,172.74,good,good,"heuristic-proxy verdict, not manually reviewed"
dataset\Dataset\Dataset\train\1.173.jpg,2048,1536,312.92,31.96,172.74,good,good,"heuristic-proxy verdict, not manually reviewed"
dataset\Dataset\Dataset\train\1.174.jpg,2048,1536,407.65,31.25,165.23,good,good,"heuristic-proxy verdict, not manually reviewed"
dataset\Dataset\Dataset\train\1.175.jpg,2048,1536,407.65,31.25,165.23,good,good,"heuristic-proxy verdict, not manually reviewed"
dataset\Dataset\Dataset\train\1.176.jpg,2048,1536,362.49,31.94,169.56,good,good,"heuristic-proxy verdict, not manually reviewed"
dataset\Dataset\Dataset\train\1.177.jpg,2048,1536,362.49,31.94,169.56,good,good,"heuristic-proxy verdict, not manually reviewed"
dataset\Dataset\Dataset\train\1.178.jpg,2048,1536,319.65,30.8,168.57,good,good,"heuristic-proxy verdict, not manually reviewed"
dataset\Dataset\Dataset\train\1.179.jpg,2048,1536,319.65,30.8,168.57,good,good,"heuristic-proxy verdict, not manually reviewed"
dataset\Dataset\Dataset\train\1.18.jpg,2048,1536,556.8,34.95,157.89,good,good,"heuristic-proxy verdict, not manually reviewed"
dataset\Dataset\Dataset\train\1.180.jpg,2048,1536,355.17,33.33,167.27,good,good,"heuristic-proxy verdict, not manually reviewed"
dataset\Dataset\Dataset\train\1.181.jpg,2048,1536,355.17,33.33,167.27,good,good,"heuristic-proxy verdict, not manually reviewed"
dataset\Dataset\Dataset\train\1.182.jpg,2048,1536,283.72,31.49,169.55,good,good,"heuristic-proxy verdict, not manually reviewed"
dataset\Dataset\Dataset\train\1.183.jpg,2048,1536,283.72,31.49,169.55,good,good,"heuristic-proxy verdict, not manually reviewed"
dataset\Dataset\Dataset\train\1.184.jpg,2048,1536,378.05,34.2,169.46,good,good,"heuristic-proxy verdict, not manually reviewed"
dataset\Dataset\Dataset\train\1.185.jpg,2048,1536,378.05,34.2,169.46,good,good,"heuristic-proxy verdict, not manually reviewed"
dataset\Dataset\Dataset\train\1.186.jpg,2048,1536,368.12,33.23,165.33,good,good,"heuristic-proxy verdict, not manually reviewed"
dataset\Dataset\Dataset\train\1.187.jpg,2048,1536,368.12,33.23,165.33,good,good,"heuristic-proxy verdict, not manually reviewed"
dataset\Dataset\Dataset\train\1.188.jpg,2048,1536,458.53,35.16,165.21,good,good,"heuristic-proxy verdict, not manually reviewed"
dataset\Dataset\Dataset\train\1.189.jpg,2048,1536,458.53,35.16,165.21,good,good,"heuristic-proxy verdict, not manually reviewed"
dataset\Dataset\Dataset\train\1.19.jpg,2048,1536,556.8,34.95,157.89,good,good,"heuristic-proxy verdict, not manually reviewed"
dataset\Dataset\Dataset\train\1.190.jpg,2048,1536,566.15,36.24,165.23,good,good,"heuristic-proxy verdict, not manually reviewed"
dataset\Dataset\Dataset\train\1.191.jpg,2048,1536,566.15,36.24,165.23,good,good,"heuristic-proxy verdict, not manually reviewed"
dataset\Dataset\Dataset\train\1.192.jpg,2048,1536,557.33,37.13,166.48,good,good,"heuristic-proxy verdict, not manually reviewed"
dataset\Dataset\Dataset\train\1.193.jpg,2048,1536,557.33,37.13,166.48,good,good,"heuristic-proxy verdict, not manually reviewed"
dataset\Dataset\Dataset\train\1.194.jpg,2048,1536,611.83,36.73,165.93,good,good,"heuristic-proxy verdict, not manually reviewed"
dataset\Dataset\Dataset\train\1.195.jpg,2048,1536,611.83,36.73,165.93,good,good,"heuristic-proxy verdict, not manually reviewed"
dataset\Dataset\Dataset\train\1.196.jpg,2048,1536,562.1,36.91,162.11,good,good,"heuristic-proxy verdict, not manually reviewed"
dataset\Dataset\Dataset\train\1.197.jpg,2048,1536,562.1,36.91,162.11,good,good,"heuristic-proxy verdict, not manually reviewed"
dataset\Dataset\Dataset\train\1.198.jpg,2048,1536,628.06,36.96,162.17,good,good,"heuristic-proxy verdict, not manually reviewed"
dataset\Dataset\Dataset\train\1.199.jpg,2048,1536,628.06,36.96,162.17,good,good,"heuristic-proxy verdict, not manually reviewed"
dataset\Dataset\Dataset\train\1.2.jpg,2048,1536,376.36,35.15,168.4,good,good,"heuristic-proxy verdict, not manually reviewed"
dataset\Dataset\Dataset\train\1.20.jpg,2048,1536,590.97,34.32,157.29,good,good,"heuristic-proxy verdict, not manually reviewed"
dataset\Dataset\Dataset\train\1.21.jpg,2048,1536,590.97,34.32,157.29,good,good,"heuristic-proxy verdict, not manually reviewed"
dataset\Dataset\Dataset\train\1.22.jpg,2048,1536,495.23,34.01,157.32,good,good,"heuristic-proxy verdict, not manually reviewed"
dataset\Dataset\Dataset\train\1.23.jpg,2048,1536,495.23,34.01,157.32,good,good,"heuristic-proxy verdict, not manually reviewed"
dataset\Dataset\Dataset\train\1.24.jpg,2048,1536,511.94,31.75,160.22,good,good,"heuristic-proxy verdict, not manually reviewed"
dataset\Dataset\Dataset\train\1.25.jpg,2048,1536,511.94,31.75,160.22,good,good,"heuristic-proxy verdict, not manually reviewed"
dataset\Dataset\Dataset\train\1.26.jpg,2048,1536,623.99,34.59,159.9,good,good,"heuristic-proxy verdict, not manually reviewed"
dataset\Dataset\Dataset\train\1.27.jpg,2048,1536,623.99,34.59,159.9,good,good,"heuristic-proxy verdict, not manually reviewed"
dataset\Dataset\Dataset\train\1.28.jpg,2048,1536,648.88,33.54,160.5,good,good,"heuristic-proxy verdict, not manually reviewed"
dataset\Dataset\Dataset\train\1.29.jpg,2048,1536,648.88,33.54,160.5,good,good,"heuristic-proxy verdict, not manually reviewed"
dataset\Dataset\Dataset\train\1.3.jpg,2048,1536,376.36,35.15,168.4,good,good,"heuristic-proxy verdict, not manually reviewed"
dataset\Dataset\Dataset\train\1.30.jpg,2048,1536,536.05,33.16,164.34,good,good,"heuristic-proxy verdict, not manually reviewed"
dataset\Dataset\Dataset\train\1.31.jpg,2048,1536,536.05,33.16,164.34,good,good,"heuristic-proxy verdict, not manually reviewed"
dataset\Dataset\Dataset\train\1.32.jpg,2048,1536,497.46,31.19,158.84,good,good,"heuristic-proxy verdict, not manually reviewed"
dataset\Dataset\Dataset\train\1.33.jpg,2048,1536,497.46,31.19,158.84,good,good,"heuristic-proxy verdict, not manually reviewed"
dataset\Dataset\Dataset\train\1.34.jpg,2048,1536,431.54,32.4,162.15,good,good,"heuristic-proxy verdict, not manually reviewed"
dataset\Dataset\Dataset\train\1.35.jpg,2048,1536,431.54,32.4,162.15,good,good,"heuristic-proxy verdict, not manually reviewed"
dataset\Dataset\Dataset\train\1.36.jpg,2048,1536,528.03,31.48,158.52,good,good,"heuristic-proxy verdict, not manually reviewed"
dataset\Dataset\Dataset\train\1.37.jpg,2048,1536,528.03,31.48,158.52,good,good,"heuristic-proxy verdict, not manually reviewed"
dataset\Dataset\Dataset\train\1.38.jpg,2048,1536,414.8,33.94,161.28,good,good,"heuristic-proxy verdict, not manually reviewed"
dataset\Dataset\Dataset\train\1.39.jpg,2048,1536,414.8,33.94,161.28,good,good,"heuristic-proxy verdict, not manually reviewed"
dataset\Dataset\Dataset\train\1.4.jpg,2048,1536,347.56,33.27,162.2,good,good,"heuristic-proxy verdict, not manually reviewed"
dataset\Dataset\Dataset\train\1.40.jpg,2048,1536,561.86,34.89,159.08,good,good,"heuristic-proxy verdict, not manually reviewed"
dataset\Dataset\Dataset\train\1.41.jpg,2048,1536,561.86,34.89,159.08,good,good,"heuristic-proxy verdict, not manually reviewed"
dataset\Dataset\Dataset\train\1.42.jpg,2048,1536,546.18,35.42,157.94,good,good,"heuristic-proxy verdict, not manually reviewed"
dataset\Dataset\Dataset\train\1.43.jpg,2048,1536,546.18,35.42,157.94,good,good,"heuristic-proxy verdict, not manually reviewed"
dataset\Dataset\Dataset\train\1.44.jpg,2048,1536,517.24,31.53,154.35,good,good,"heuristic-proxy verdict, not manually reviewed"
dataset\Dataset\Dataset\train\1.45.jpg,2048,1536,517.24,31.53,154.35,good,good,"heuristic-proxy verdict, not manually reviewed"
dataset\Dataset\Dataset\train\1.46.jpg,2048,1536,555.7,34.14,151.97,good,good,"heuristic-proxy verdict, not manually reviewed"
dataset\Dataset\Dataset\train\1.47.jpg,2048,1536,555.7,34.14,151.97,good,good,"heuristic-proxy verdict, not manually reviewed"
dataset\Dataset\Dataset\train\1.48.jpg,2048,1536,503.0,31.97,153.15,good,good,"heuristic-proxy verdict, not manually reviewed"
dataset\Dataset\Dataset\train\1.49.jpg,2048,1536,503.0,31.97,153.15,good,good,"heuristic-proxy verdict, not manually reviewed"
dataset\Dataset\Dataset\train\1.5.jpg,2048,1536,347.56,33.27,162.2,good,good,"heuristic-proxy verdict, not manually reviewed"
dataset\Dataset\Dataset\train\1.50.jpg,2048,1536,495.8,32.64,155.87,good,good,"heuristic-proxy verdict, not manually reviewed"
dataset\Dataset\Dataset\train\1.51.jpg,2048,1536,495.8,32.64,155.87,good,good,"heuristic-proxy verdict, not manually reviewed"
dataset\Dataset\Dataset\train\1.52.jpg,2048,1536,492.93,32.6,161.17,good,good,"heuristic-proxy verdict, not manually reviewed"
dataset\Dataset\Dataset\train\1.53.jpg,2048,1536,492.93,32.6,161.17,good,good,"heuristic-proxy verdict, not manually reviewed"
dataset\Dataset\Dataset\train\1.54.jpg,2048,1536,459.73,33.13,158.51,good,good,"heuristic-proxy verdict, not manually reviewed"
dataset\Dataset\Dataset\train\1.55.jpg,2048,1536,459.73,33.13,158.51,good,good,"heuristic-proxy verdict, not manually reviewed"
dataset\Dataset\Dataset\train\1.56.jpg,2048,1536,493.56,31.19,155.56,good,good,"heuristic-proxy verdict, not manually reviewed"
dataset\Dataset\Dataset\train\1.57.jpg,2048,1536,493.56,31.19,155.56,good,good,"heuristic-proxy verdict, not manually reviewed"
dataset\Dataset\Dataset\train\1.58.jpg,2048,1536,438.78,31.57,155.1,good,good,"heuristic-proxy verdict, not manually reviewed"
dataset\Dataset\Dataset\train\1.59.jpg,2048,1536,438.78,31.57,155.1,good,good,"heuristic-proxy verdict, not manually reviewed"
dataset\Dataset\Dataset\train\1.6.jpg,2048,1536,345.41,32.47,167.6,good,good,"heuristic-proxy verdict, not manually reviewed"
dataset\Dataset\Dataset\train\1.60.jpg,2048,1536,437.99,30.59,155.94,good,good,"heuristic-proxy verdict, not manually reviewed"
dataset\Dataset\Dataset\train\1.61.jpg,2048,1536,437.99,30.59,155.94,good,good,"heuristic-proxy verdict, not manually reviewed"
dataset\Dataset\Dataset\train\1.62.jpg,2048,1536,464.83,32.07,155.87,good,good,"heuristic-proxy verdict, not manually reviewed"
dataset\Dataset\Dataset\train\1.63.jpg,2048,1536,464.83,32.07,155.87,good,good,"heuristic-proxy verdict, not manually reviewed"
dataset\Dataset\Dataset\train\1.64.jpg,2048,1536,520.49,30.79,154.33,good,good,"heuristic-proxy verdict, not manually reviewed"
dataset\Dataset\Dataset\train\1.65.jpg,2048,1536,520.49,30.79,154.33,good,good,"heuristic-proxy verdict, not manually reviewed"
dataset\Dataset\Dataset\train\1.66.jpg,2048,1536,416.23,29.68,154.83,good,good,"heuristic-proxy verdict, not manually reviewed"
dataset\Dataset\Dataset\train\1.67.jpg,2048,1536,416.23,29.68,154.83,good,good,"heuristic-proxy verdict, not manually reviewed"
dataset\Dataset\Dataset\train\1.68.jpg,2048,1536,497.99,29.84,150.32,good,good,"heuristic-proxy verdict, not manually reviewed"
dataset\Dataset\Dataset\train\1.69.jpg,2048,1536,497.99,29.84,150.32,good,good,"heuristic-proxy verdict, not manually reviewed"
dataset\Dataset\Dataset\train\1.7.jpg,2048,1536,345.41,32.47,167.6,good,good,"heuristic-proxy verdict, not manually reviewed"
dataset\Dataset\Dataset\train\1.70.jpg,2048,1536,438.85,31.47,149.42,good,good,"heuristic-proxy verdict, not manually reviewed"
dataset\Dataset\Dataset\train\1.71.jpg,2048,1536,438.85,31.47,149.42,good,good,"heuristic-proxy verdict, not manually reviewed"
dataset\Dataset\Dataset\train\1.72.jpg,2048,1536,478.07,32.4,155.09,good,good,"heuristic-proxy verdict, not manually reviewed"
dataset\Dataset\Dataset\train\1.73.jpg,2048,1536,478.07,32.4,155.09,good,good,"heuristic-proxy verdict, not manually reviewed"
dataset\Dataset\Dataset\train\1.74.jpg,2048,1536,455.8,34.12,157.23,good,good,"heuristic-proxy verdict, not manually reviewed"
dataset\Dataset\Dataset\train\1.75.jpg,2048,1536,455.8,34.12,157.23,good,good,"heuristic-proxy verdict, not manually reviewed"
dataset\Dataset\Dataset\train\1.76.jpg,2048,1536,440.48,36.36,157.14,good,good,"heuristic-proxy verdict, not manually reviewed"
dataset\Dataset\Dataset\train\1.77.jpg,2048,1536,440.48,36.36,157.14,good,good,"heuristic-proxy verdict, not manually reviewed"
dataset\Dataset\Dataset\train\1.78.jpg,2048,1536,445.84,35.06,151.06,good,good,"heuristic-proxy verdict, not manually reviewed"
dataset\Dataset\Dataset\train\1.79.jpg,2048,1536,445.84,35.06,151.06,good,good,"heuristic-proxy verdict, not manually reviewed"
dataset\Dataset\Dataset\train\1.8.jpg,2048,1536,613.62,35.13,163.77,good,good,"heuristic-proxy verdict, not manually reviewed"
dataset\Dataset\Dataset\train\1.80.jpg,2048,1536,418.42,34.31,154.54,good,good,"heuristic-proxy verdict, not manually reviewed"
dataset\Dataset\Dataset\train\1.81.jpg,2048,1536,418.42,34.31,154.54,good,good,"heuristic-proxy verdict, not manually reviewed"
dataset\Dataset\Dataset\train\1.82.jpg,2048,1536,440.92,32.99,154.49,good,good,"heuristic-proxy verdict, not manually reviewed"
dataset\Dataset\Dataset\train\1.83.jpg,2048,1536,440.92,32.99,154.49,good,good,"heuristic-proxy verdict, not manually reviewed"
dataset\Dataset\Dataset\train\1.84.jpg,2048,1536,456.33,34.03,159.01,good,good,"heuristic-proxy verdict, not manually reviewed"
dataset\Dataset\Dataset\train\1.85.jpg,2048,1536,456.33,34.03,159.01,good,good,"heuristic-proxy verdict, not manually reviewed"
dataset\Dataset\Dataset\train\1.86.jpg,2048,1536,522.06,36.07,155.38,good,good,HAND-REVIEWED: confirmed good
dataset\Dataset\Dataset\train\1.87.jpg,2048,1536,522.06,36.07,155.38,good,good,"heuristic-proxy verdict, not manually reviewed"
dataset\Dataset\Dataset\train\1.88.jpg,2048,1536,454.41,33.76,156.79,good,good,"heuristic-proxy verdict, not manually reviewed"
dataset\Dataset\Dataset\train\1.89.jpg,2048,1536,454.41,33.76,156.79,good,good,"heuristic-proxy verdict, not manually reviewed"
dataset\Dataset\Dataset\train\1.9.jpg,2048,1536,613.62,35.13,163.77,good,good,"heuristic-proxy verdict, not manually reviewed"
dataset\Dataset\Dataset\train\1.90.jpg,2048,1536,440.47,34.02,157.52,good,good,"heuristic-proxy verdict, not manually reviewed"
dataset\Dataset\Dataset\train\1.91.jpg,2048,1536,440.47,34.02,157.52,good,good,"heuristic-proxy verdict, not manually reviewed"
dataset\Dataset\Dataset\train\1.92.jpg,2048,1536,497.96,34.28,157.52,good,good,"heuristic-proxy verdict, not manually reviewed"
dataset\Dataset\Dataset\train\1.93.jpg,2048,1536,497.96,34.28,157.52,good,good,"heuristic-proxy verdict, not manually reviewed"
dataset\Dataset\Dataset\train\1.94.jpg,2048,1536,504.44,34.69,158.12,good,good,"heuristic-proxy verdict, not manually reviewed"
dataset\Dataset\Dataset\train\1.95.jpg,2048,1536,504.44,34.69,158.12,good,good,"heuristic-proxy verdict, not manually reviewed"
dataset\Dataset\Dataset\train\1.96.jpg,2048,1536,533.18,33.95,158.72,good,good,"heuristic-proxy verdict, not manually reviewed"
dataset\Dataset\Dataset\train\1.97.jpg,2048,1536,533.18,33.95,158.72,good,good,"heuristic-proxy verdict, not manually reviewed"
dataset\Dataset\Dataset\train\1.98.jpg,2048,1536,466.34,35.43,155.86,good,good,"heuristic-proxy verdict, not manually reviewed"
dataset\Dataset\Dataset\train\1.99.jpg,2048,1536,466.34,35.43,155.86,good,good,"heuristic-proxy verdict, not manually reviewed"
dataset\Dataset\Dataset\train\2.0.jpg,2504,842,7366.99,43.43,205.44,good,good,"heuristic-proxy verdict, not manually reviewed"
dataset\Dataset\Dataset\train\2.1.jpg,2498,847,8718.16,47.31,208.96,good,good,"heuristic-proxy verdict, not manually reviewed"
dataset\Dataset\Dataset\train\2.10.jpg,2510,824,10817.61,53.93,208.07,good,good,"heuristic-proxy verdict, not manually reviewed"
dataset\Dataset\Dataset\train\2.100.jpg,2489,834,9090.16,42.48,161.98,good,good,"heuristic-proxy verdict, not manually reviewed"
dataset\Dataset\Dataset\train\2.101.jpg,2501,859,7636.55,47.3,211.72,good,good,"heuristic-proxy verdict, not manually reviewed"
dataset\Dataset\Dataset\train\2.102.jpg,2487,828,8634.93,42.63,162.9,good,good,"heuristic-proxy verdict, not manually reviewed"
dataset\Dataset\Dataset\train\2.103.jpg,2496,827,9134.3,42.32,170.08,good,good,"heuristic-proxy verdict, not manually reviewed"
dataset\Dataset\Dataset\train\2.104.jpg,2488,832,8886.38,41.89,165.92,good,good,"heuristic-proxy verdict, not manually reviewed"
dataset\Dataset\Dataset\train\2.105.jpg,2504,820,9987.09,44.54,166.5,good,good,"heuristic-proxy verdict, not manually reviewed"
dataset\Dataset\Dataset\train\2.106.jpg,2501,827,9635.07,44.37,167.53,good,good,"heuristic-proxy verdict, not manually reviewed"
dataset\Dataset\Dataset\train\2.107.jpg,2499,840,6011.46,36.65,174.34,good,good,"heuristic-proxy verdict, not manually reviewed"
dataset\Dataset\Dataset\train\2.108.jpg,2494,838,5839.53,35.69,173.21,good,good,"heuristic-proxy verdict, not manually reviewed"
dataset\Dataset\Dataset\train\2.109.jpg,2483,820,9248.12,43.58,160.29,good,good,"heuristic-proxy verdict, not manually reviewed"
dataset\Dataset\Dataset\train\2.11.jpg,2460,827,8341.43,52.76,211.25,good,good,"heuristic-proxy verdict, not manually reviewed"
dataset\Dataset\Dataset\train\2.110.jpg,2484,797,8559.01,42.04,162.23,good,good,"heuristic-proxy verdict, not manually reviewed"
dataset\Dataset\Dataset\train\2.111.jpg,2497,836,6955.2,38.52,176.15,good,good,"heuristic-proxy verdict, not manually reviewed"
dataset\Dataset\Dataset\train\2.112.jpg,2478,838,9604.58,51.27,206.37,good,good,"heuristic-proxy verdict, not manually reviewed"
dataset\Dataset\Dataset\train\2.113.jpg,2472,845,6793.87,43.76,211.83,good,good,"heuristic-proxy verdict, not manually reviewed"
dataset\Dataset\Dataset\train\2.114.jpg,2504,854,7107.92,44.78,214.06,good,good,"heuristic-proxy verdict, not manually reviewed"
dataset\Dataset\Dataset\train\2.115.jpg,2504,839,7417.56,45.53,209.95,good,good,"heuristic-proxy verdict, not manually reviewed"
dataset\Dataset\Dataset\train\2.116.jpg,2498,853,7318.58,47.71,208.66,good,good,"heuristic-proxy verdict, not manually reviewed"
dataset\Dataset\Dataset\train\2.117.jpg,2478,866,7309.02,47.71,207.72,good,good,"heuristic-proxy verdict, not manually reviewed"
dataset\Dataset\Dataset\train\2.118.jpg,2517,853,7833.3,47.18,209.67,good,good,"heuristic-proxy verdict, not manually reviewed"
dataset\Dataset\Dataset\train\2.119.jpg,2512,845,6305.8,41.94,211.87,good,good,"heuristic-proxy verdict, not manually reviewed"
dataset\Dataset\Dataset\train\2.12.jpg,2460,834,8784.63,51.78,211.2,good,good,"heuristic-proxy verdict, not manually reviewed"
dataset\Dataset\Dataset\train\2.120.jpg,2482,852,7514.94,45.96,210.6,good,good,"heuristic-proxy verdict, not manually reviewed"
dataset\Dataset\Dataset\train\2.121.jpg,2491,852,7446.13,46.39,210.99,good,good,"heuristic-proxy verdict, not manually reviewed"
dataset\Dataset\Dataset\train\2.122.jpg,2480,856,7461.84,46.48,212.69,good,good,"heuristic-proxy verdict, not manually reviewed"
dataset\Dataset\Dataset\train\2.123.jpg,2508,856,9264.76,49.24,205.91,good,good,"heuristic-proxy verdict, not manually reviewed"
dataset\Dataset\Dataset\train\2.124.jpg,2500,844,7447.19,46.93,212.63,good,good,"heuristic-proxy verdict, not manually reviewed"
dataset\Dataset\Dataset\train\2.125.jpg,2510,844,7712.38,48.27,210.37,good,good,"heuristic-proxy verdict, not manually reviewed"
dataset\Dataset\Dataset\train\2.126.jpg,2483,850,6972.36,47.05,209.85,good,good,"heuristic-proxy verdict, not manually reviewed"
dataset\Dataset\Dataset\train\2.127.jpg,2492,858,7539.14,49.99,209.79,good,good,"heuristic-proxy verdict, not manually reviewed"
dataset\Dataset\Dataset\train\2.128.jpg,2516,852,7611.13,48.9,204.93,good,good,"heuristic-proxy verdict, not manually reviewed"
dataset\Dataset\Dataset\train\2.129.jpg,2488,832,8191.01,49.21,207.89,good,good,"heuristic-proxy verdict, not manually reviewed"
dataset\Dataset\Dataset\train\2.13.jpg,2513,861,8099.04,49.98,212.92,good,good,"heuristic-proxy verdict, not manually reviewed"
dataset\Dataset\Dataset\train\2.130.jpg,2483,831,8238.57,45.9,212.8,good,good,"heuristic-proxy verdict, not manually reviewed"
dataset\Dataset\Dataset\train\2.131.jpg,2468,684,9155.08,49.08,213.82,good,good,"heuristic-proxy verdict, not manually reviewed"
dataset\Dataset\Dataset\train\2.132.jpg,2497,845,1653.12,27.22,232.54,good,good,"heuristic-proxy verdict, not manually reviewed"
dataset\Dataset\Dataset\train\2.133.jpg,2513,829,836.46,20.05,232.38,acceptable,acceptable,"heuristic-proxy verdict, not manually reviewed"
dataset\Dataset\Dataset\train\2.134.jpg,2482,876,8811.1,51.53,206.53,good,good,"heuristic-proxy verdict, not manually reviewed"
dataset\Dataset\Dataset\train\2.135.jpg,2470,850,1000.25,24.22,231.5,acceptable,acceptable,"heuristic-proxy verdict, not manually reviewed"
dataset\Dataset\Dataset\train\2.136.jpg,2344,863,560.19,23.12,236.12,acceptable,acceptable,"heuristic-proxy verdict, not manually reviewed"
dataset\Dataset\Dataset\train\2.137.jpg,2492,848,555.92,23.33,236.73,acceptable,acceptable,"heuristic-proxy verdict, not manually reviewed"
dataset\Dataset\Dataset\train\2.138.jpg,2506,826,706.65,21.07,238.29,acceptable,acceptable,"heuristic-proxy verdict, not manually reviewed"
dataset\Dataset\Dataset\train\2.139.jpg,2471,844,9277.55,53.25,209.78,good,good,"heuristic-proxy verdict, not manually reviewed"
dataset\Dataset\Dataset\train\2.14.jpg,2491,826,9008.94,52.1,211.96,good,good,"heuristic-proxy verdict, not manually reviewed"
dataset\Dataset\Dataset\train\2.140.jpg,2504,867,9253.13,59.07,208.75,good,good,"heuristic-proxy verdict, not manually reviewed"
dataset\Dataset\Dataset\train\2.141.jpg,2494,849,9929.98,56.71,204.46,good,good,"heuristic-proxy verdict, not manually reviewed"
dataset\Dataset\Dataset\train\2.142.jpg,2503,838,8988.17,51.25,210.35,good,good,"heuristic-proxy verdict, not manually reviewed"
dataset\Dataset\Dataset\train\2.143.jpg,2469,841,8602.03,52.93,212.35,good,good,"heuristic-proxy verdict, not manually reviewed"
dataset\Dataset\Dataset\train\2.144.jpg,2463,825,9319.99,52.08,211.63,good,good,"heuristic-proxy verdict, not manually reviewed"
dataset\Dataset\Dataset\train\2.145.jpg,2493,866,9631.67,52.0,210.13,good,good,"heuristic-proxy verdict, not manually reviewed"
dataset\Dataset\Dataset\train\2.146.jpg,2460,828,9033.03,51.51,213.47,good,good,"heuristic-proxy verdict, not manually reviewed"
dataset\Dataset\Dataset\train\2.147.jpg,2470,809,9542.64,54.21,209.37,good,good,"heuristic-proxy verdict, not manually reviewed"
dataset\Dataset\Dataset\train\2.148.jpg,2453,840,9549.24,53.64,206.42,good,good,"heuristic-proxy verdict, not manually reviewed"
dataset\Dataset\Dataset\train\2.149.jpg,2492,820,10670.66,54.22,207.84,good,good,"heuristic-proxy verdict, not manually reviewed"
dataset\Dataset\Dataset\train\2.15.jpg,2153,698,11077.52,58.9,200.15,good,good,"heuristic-proxy verdict, not manually reviewed"
dataset\Dataset\Dataset\train\2.150.jpg,2516,828,8248.57,49.09,209.46,good,good,"heuristic-proxy verdict, not manually reviewed"
dataset\Dataset\Dataset\train\2.151.jpg,2464,804,874.77,19.15,215.66,acceptable,acceptable,"heuristic-proxy verdict, not manually reviewed"
dataset\Dataset\Dataset\train\2.152.jpg,2464,850,8953.25,50.81,211.36,good,good,"heuristic-proxy verdict, not manually reviewed"
dataset\Dataset\Dataset\train\2.153.jpg,2337,840,9849.09,53.92,211.61,good,good,"heuristic-proxy verdict, not manually reviewed"
dataset\Dataset\Dataset\train\2.154.jpg,2506,814,9115.4,50.99,210.53,good,good,"heuristic-proxy verdict, not manually reviewed"
dataset\Dataset\Dataset\train\2.155.jpg,2472,832,8689.73,51.47,210.76,good,good,"heuristic-proxy verdict, not manually reviewed"
dataset\Dataset\Dataset\train\2.156.jpg,2506,832,9775.77,51.67,207.38,good,good,"heuristic-proxy verdict, not manually reviewed"
dataset\Dataset\Dataset\train\2.157.jpg,2480,841,9538.93,53.05,209.68,good,good,"heuristic-proxy verdict, not manually reviewed"
dataset\Dataset\Dataset\train\2.158.jpg,2472,830,10031.25,54.13,210.35,good,good,"heuristic-proxy verdict, not manually reviewed"
dataset\Dataset\Dataset\train\2.159.jpg,2482,836,8539.25,50.83,213.93,good,good,"heuristic-proxy verdict, not manually reviewed"
dataset\Dataset\Dataset\train\2.16.jpg,2504,860,10613.2,52.96,210.75,good,good,"heuristic-proxy verdict, not manually reviewed"
dataset\Dataset\Dataset\train\2.160.jpg,2477,814,9379.95,53.13,209.85,good,good,"heuristic-proxy verdict, not manually reviewed"
dataset\Dataset\Dataset\train\2.161.jpg,2463,825,9508.65,52.83,206.99,good,good,"heuristic-proxy verdict, not manually reviewed"
dataset\Dataset\Dataset\train\2.162.jpg,2506,857,9831.78,62.27,200.03,good,good,"heuristic-proxy verdict, not manually reviewed"
dataset\Dataset\Dataset\train\2.163.jpg,2503,798,9142.93,51.68,204.52,good,good,"heuristic-proxy verdict, not manually reviewed"
dataset\Dataset\Dataset\train\2.164.jpg,2496,804,11406.28,54.43,207.54,good,good,HAND-REVIEWED: confirmed good
dataset\Dataset\Dataset\train\2.165.jpg,2463,855,8835.55,54.61,212.67,good,good,"heuristic-proxy verdict, not manually reviewed"
dataset\Dataset\Dataset\train\2.166.jpg,2470,826,10042.75,53.43,212.53,good,good,"heuristic-proxy verdict, not manually reviewed"
dataset\Dataset\Dataset\train\2.167.jpg,2490,847,8905.98,49.86,209.03,good,good,"heuristic-proxy verdict, not manually reviewed"
dataset\Dataset\Dataset\train\2.168.jpg,2482,833,8966.84,51.41,214.3,good,good,"heuristic-proxy verdict, not manually reviewed"
dataset\Dataset\Dataset\train\2.169.jpg,2519,836,8274.0,49.21,218.31,good,good,"heuristic-proxy verdict, not manually reviewed"
dataset\Dataset\Dataset\train\2.17.jpg,2489,856,9441.01,50.11,215.94,good,good,"heuristic-proxy verdict, not manually reviewed"
dataset\Dataset\Dataset\train\2.170.jpg,2488,844,8307.72,46.85,208.17,good,good,"heuristic-proxy verdict, not manually reviewed"
dataset\Dataset\Dataset\train\2.171.jpg,2480,831,9918.69,51.84,209.4,good,good,"heuristic-proxy verdict, not manually reviewed"
dataset\Dataset\Dataset\train\2.172.jpg,2470,852,9263.04,49.93,213.72,good,good,"heuristic-proxy verdict, not manually reviewed"
dataset\Dataset\Dataset\train\2.173.jpg,2473,822,8705.41,47.92,212.31,good,good,"heuristic-proxy verdict, not manually reviewed"
dataset\Dataset\Dataset\train\2.174.jpg,2472,820,9954.71,51.17,210.47,good,good,HAND-REVIEWED: confirmed good
dataset\Dataset\Dataset\train\2.175.jpg,2459,802,9259.64,49.89,212.26,good,good,"heuristic-proxy verdict, not manually reviewed"
dataset\Dataset\Dataset\train\2.176.jpg,2460,834,10373.4,52.46,211.91,good,good,"heuristic-proxy verdict, not manually reviewed"
dataset\Dataset\Dataset\train\2.177.jpg,2472,820,9770.9,50.92,211.86,good,good,"heuristic-proxy verdict, not manually reviewed"
dataset\Dataset\Dataset\train\2.178.jpg,2499,853,8008.27,46.84,212.81,good,good,"heuristic-proxy verdict, not manually reviewed"
dataset\Dataset\Dataset\train\2.179.jpg,2459,822,8218.62,50.85,214.31,good,good,"heuristic-proxy verdict, not manually reviewed"
dataset\Dataset\Dataset\train\2.18.jpg,2499,850,10471.28,53.47,216.0,good,good,"heuristic-proxy verdict, not manually reviewed"
dataset\Dataset\Dataset\train\2.180.jpg,2467,832,7566.85,48.16,219.13,good,good,"heuristic-proxy verdict, not manually reviewed"
dataset\Dataset\Dataset\train\2.181.jpg,2472,850,8925.35,49.83,218.98,good,good,"heuristic-proxy verdict, not manually reviewed"
dataset\Dataset\Dataset\train\2.182.jpg,2483,830,9029.21,51.58,213.96,good,good,HAND-REVIEWED: confirmed good
dataset\Dataset\Dataset\train\2.183.jpg,2440,825,9195.11,49.9,207.47,good,good,"heuristic-proxy verdict, not manually reviewed"
dataset\Dataset\Dataset\train\2.184.jpg,2440,806,9479.86,51.57,208.05,good,good,"heuristic-proxy verdict, not manually reviewed"
dataset\Dataset\Dataset\train\2.185.jpg,2513,830,10100.94,52.47,207.8,good,good,"heuristic-proxy verdict, not manually reviewed"
dataset\Dataset\Dataset\train\2.186.jpg,2486,884,9510.16,63.52,193.26,good,good,"heuristic-proxy verdict, not manually reviewed"
dataset\Dataset\Dataset\train\2.187.jpg,2448,838,8992.38,51.7,211.09,good,good,"heuristic-proxy verdict, not manually reviewed"
dataset\Dataset\Dataset\train\2.188.jpg,2456,858,7981.34,53.61,213.89,good,good,"heuristic-proxy verdict, not manually reviewed"
dataset\Dataset\Dataset\train\2.189.jpg,2539,830,8767.48,49.03,213.45,good,good,"heuristic-proxy verdict, not manually reviewed"
dataset\Dataset\Dataset\train\2.19.jpg,2498,854,10462.16,52.45,213.4,good,good,"heuristic-proxy verdict, not manually reviewed"
dataset\Dataset\Dataset\train\2.190.jpg,2492,851,7528.44,47.83,217.94,good,good,"heuristic-proxy verdict, not manually reviewed"
dataset\Dataset\Dataset\train\2.191.jpg,2506,852,8203.42,50.78,210.22,good,good,"heuristic-proxy verdict, not manually reviewed"
dataset\Dataset\Dataset\train\2.192.jpg,2456,840,8711.85,51.99,213.05,good,good,"heuristic-proxy verdict, not manually reviewed"
dataset\Dataset\Dataset\train\2.193.jpg,2463,824,8400.43,51.54,211.16,good,good,"heuristic-proxy verdict, not manually reviewed"
dataset\Dataset\Dataset\train\2.194.jpg,2451,839,8986.36,51.05,210.36,good,good,"heuristic-proxy verdict, not manually reviewed"
dataset\Dataset\Dataset\train\2.195.jpg,2468,864,7674.49,55.5,211.07,good,good,"heuristic-proxy verdict, not manually reviewed"
dataset\Dataset\Dataset\train\2.196.jpg,2459,830,9425.88,51.13,212.35,good,good,"heuristic-proxy verdict, not manually reviewed"
dataset\Dataset\Dataset\train\2.197.jpg,2462,836,9588.06,50.93,210.05,good,good,"heuristic-proxy verdict, not manually reviewed"
dataset\Dataset\Dataset\train\2.198.jpg,2501,842,10127.37,52.77,213.22,good,good,"heuristic-proxy verdict, not manually reviewed"
dataset\Dataset\Dataset\train\2.199.jpg,2340,714,10883.41,52.7,209.63,good,good,"heuristic-proxy verdict, not manually reviewed"
dataset\Dataset\Dataset\train\2.2.jpg,2509,844,7683.85,45.1,214.3,good,good,"heuristic-proxy verdict, not manually reviewed"
dataset\Dataset\Dataset\train\2.20.jpg,2466,821,10221.26,53.55,207.96,good,good,"heuristic-proxy verdict, not manually reviewed"
dataset\Dataset\Dataset\train\2.21.jpg,2467,846,7747.67,51.28,210.78,good,good,"heuristic-proxy verdict, not manually reviewed"
dataset\Dataset\Dataset\train\2.22.jpg,2350,818,10944.07,59.29,203.06,good,good,"heuristic-proxy verdict, not manually reviewed"
dataset\Dataset\Dataset\train\2.23.jpg,2525,838,8277.45,53.22,210.63,good,good,"heuristic-proxy verdict, not manually reviewed"
dataset\Dataset\Dataset\train\2.24.jpg,2491,864,7345.11,47.5,211.61,good,good,"heuristic-proxy verdict, not manually reviewed"
dataset\Dataset\Dataset\train\2.25.jpg,2466,852,9241.72,52.11,210.75,good,good,"heuristic-proxy verdict, not manually reviewed"
dataset\Dataset\Dataset\train\2.26.jpg,2469,838,9980.48,54.9,207.73,good,good,"heuristic-proxy verdict, not manually reviewed"
dataset\Dataset\Dataset\train\2.27.jpg,2518,860,10414.98,56.15,205.77,good,good,"heuristic-proxy verdict, not manually reviewed"
dataset\Dataset\Dataset\train\2.28.jpg,2478,832,9085.4,53.56,210.7,good,good,"heuristic-proxy verdict, not manually reviewed"
dataset\Dataset\Dataset\train\2.29.jpg,2456,832,10115.19,54.81,207.15,good,good,"heuristic-proxy verdict, not manually reviewed"
dataset\Dataset\Dataset\train\2.3.jpg,2468,843,8650.69,52.84,213.63,good,good,"heuristic-proxy verdict, not manually reviewed"
dataset\Dataset\Dataset\train\2.30.jpg,2449,839,9057.04,50.47,206.77,good,good,"heuristic-proxy verdict, not manually reviewed"
dataset\Dataset\Dataset\train\2.31.jpg,2349,771,9631.33,52.38,211.14,good,good,"heuristic-proxy verdict, not manually reviewed"
dataset\Dataset\Dataset\train\2.32.jpg,2450,836,8824.64,49.98,209.77,good,good,"heuristic-proxy verdict, not manually reviewed"
dataset\Dataset\Dataset\train\2.33.jpg,2445,836,8937.08,52.93,208.19,good,good,"heuristic-proxy verdict, not manually reviewed"
dataset\Dataset\Dataset\train\2.34.jpg,2436,836,8262.12,49.4,194.55,good,good,"heuristic-proxy verdict, not manually reviewed"
dataset\Dataset\Dataset\train\2.35.jpg,2512,849,8384.36,47.9,211.12,good,good,"heuristic-proxy verdict, not manually reviewed"
dataset\Dataset\Dataset\train\2.36.jpg,2468,808,10037.14,54.85,207.4,good,good,"heuristic-proxy verdict, not manually reviewed"
dataset\Dataset\Dataset\train\2.37.jpg,2448,822,8743.36,52.84,208.66,good,good,"heuristic-proxy verdict, not manually reviewed"
dataset\Dataset\Dataset\train\2.38.jpg,2479,854,8743.0,48.98,215.0,good,good,"heuristic-proxy verdict, not manually reviewed"
dataset\Dataset\Dataset\train\2.39.jpg,2599,774,9117.99,54.99,209.52,good,good,"heuristic-proxy verdict, not manually reviewed"
dataset\Dataset\Dataset\train\2.4.jpg,2460,836,7888.06,49.9,216.57,good,good,"heuristic-proxy verdict, not manually reviewed"
dataset\Dataset\Dataset\train\2.40.jpg,2520,817,4283.74,36.35,229.2,good,good,HAND-REVIEWED: confirmed good
dataset\Dataset\Dataset\train\2.41.jpg,2346,852,604.69,20.07,236.28,acceptable,acceptable,"heuristic-proxy verdict, not manually reviewed"
dataset\Dataset\Dataset\train\2.42.jpg,2511,858,8255.18,49.67,210.28,good,good,"heuristic-proxy verdict, not manually reviewed"
dataset\Dataset\Dataset\train\2.43.jpg,2503,857,8797.2,50.05,212.14,good,good,"heuristic-proxy verdict, not manually reviewed"
dataset\Dataset\Dataset\train\2.44.jpg,2549,872,8766.38,49.81,213.25,good,good,"heuristic-proxy verdict, not manually reviewed"
dataset\Dataset\Dataset\train\2.45.jpg,2163,830,9810.19,53.42,208.01,good,good,"heuristic-proxy verdict, not manually reviewed"
dataset\Dataset\Dataset\train\2.46.jpg,2530,828,8636.76,47.83,209.96,good,good,"heuristic-proxy verdict, not manually reviewed"
dataset\Dataset\Dataset\train\2.47.jpg,2498,864,9134.67,50.23,210.87,good,good,"heuristic-proxy verdict, not manually reviewed"
dataset\Dataset\Dataset\train\2.48.jpg,2493,860,9033.95,50.06,213.42,good,good,"heuristic-proxy verdict, not manually reviewed"
dataset\Dataset\Dataset\train\2.49.jpg,2518,878,9012.96,50.93,211.55,good,good,"heuristic-proxy verdict, not manually reviewed"
dataset\Dataset\Dataset\train\2.5.jpg,2488,847,9188.41,51.97,212.86,good,good,"heuristic-proxy verdict, not manually reviewed"
dataset\Dataset\Dataset\train\2.50.jpg,2532,828,8935.68,49.39,208.97,good,good,"heuristic-proxy verdict, not manually reviewed"
dataset\Dataset\Dataset\train\2.51.jpg,2509,863,8239.38,49.71,212.36,good,good,"heuristic-proxy verdict, not manually reviewed"
dataset\Dataset\Dataset\train\2.52.jpg,2506,858,8443.2,50.65,210.35,good,good,"heuristic-proxy verdict, not manually reviewed"
dataset\Dataset\Dataset\train\2.53.jpg,2506,844,9630.1,53.51,207.81,good,good,"heuristic-proxy verdict, not manually reviewed"
dataset\Dataset\Dataset\train\2.54.jpg,2509,853,8777.71,50.0,211.1,good,good,HAND-REVIEWED: confirmed good
dataset\Dataset\Dataset\train\2.55.jpg,2504,858,9713.91,52.84,209.78,good,good,"heuristic-proxy verdict, not manually reviewed"
dataset\Dataset\Dataset\train\2.56.jpg,2499,856,9431.39,51.53,210.35,good,good,"heuristic-proxy verdict, not manually reviewed"
dataset\Dataset\Dataset\train\2.57.jpg,2501,842,7953.57,48.15,209.94,good,good,"heuristic-proxy verdict, not manually reviewed"
dataset\Dataset\Dataset\train\2.58.jpg,2522,866,9792.82,52.05,210.77,good,good,"heuristic-proxy verdict, not manually reviewed"
dataset\Dataset\Dataset\train\2.59.jpg,2340,844,10152.42,53.94,207.5,good,good,"heuristic-proxy verdict, not manually reviewed"
dataset\Dataset\Dataset\train\2.6.jpg,2465,830,8072.84,51.51,213.93,good,good,"heuristic-proxy verdict, not manually reviewed"
dataset\Dataset\Dataset\train\2.60.jpg,2477,852,8864.66,51.72,203.15,good,good,"heuristic-proxy verdict, not manually reviewed"
dataset\Dataset\Dataset\train\2.61.jpg,2484,842,9337.77,51.03,205.56,good,good,"heuristic-proxy verdict, not manually reviewed"
dataset\Dataset\Dataset\train\2.62.jpg,2485,856,10221.91,53.66,204.27,good,good,"heuristic-proxy verdict, not manually reviewed"
dataset\Dataset\Dataset\train\2.63.jpg,2481,834,9367.96,53.68,203.85,good,good,"heuristic-proxy verdict, not manually reviewed"
dataset\Dataset\Dataset\train\2.64.jpg,2490,856,9327.77,51.25,208.48,good,good,"heuristic-proxy verdict, not manually reviewed"
dataset\Dataset\Dataset\train\2.65.jpg,2495,858,9729.81,53.1,207.09,good,good,"heuristic-proxy verdict, not manually reviewed"
dataset\Dataset\Dataset\train\2.66.jpg,2527,833,11257.57,54.5,207.7,good,good,"heuristic-proxy verdict, not manually reviewed"
dataset\Dataset\Dataset\train\2.67.jpg,2333,833,11212.14,55.15,203.1,good,good,"heuristic-proxy verdict, not manually reviewed"
dataset\Dataset\Dataset\train\2.68.jpg,2486,854,6848.31,43.57,214.11,good,good,"heuristic-proxy verdict, not manually reviewed"
dataset\Dataset\Dataset\train\2.69.jpg,2468,830,9279.75,49.52,204.71,good,good,"heuristic-proxy verdict, not manually reviewed"
dataset\Dataset\Dataset\train\2.7.jpg,2480,826,9242.65,49.54,210.67,good,good,"heuristic-proxy verdict, not manually reviewed"
dataset\Dataset\Dataset\train\2.70.jpg,2470,836,8776.73,49.49,205.77,good,good,"heuristic-proxy verdict, not manually reviewed"
dataset\Dataset\Dataset\train\2.71.jpg,2514,834,9559.87,49.88,205.52,good,good,"heuristic-proxy verdict, not manually reviewed"
dataset\Dataset\Dataset\train\2.72.jpg,2492,842,9315.33,49.06,205.83,good,good,"heuristic-proxy verdict, not manually reviewed"
dataset\Dataset\Dataset\train\2.73.jpg,2503,856,8558.9,47.17,209.9,good,good,"heuristic-proxy verdict, not manually reviewed"
dataset\Dataset\Dataset\train\2.74.jpg,2497,852,9523.45,50.01,208.95,good,good,"heuristic-proxy verdict, not manually reviewed"
dataset\Dataset\Dataset\train\2.75.jpg,2493,858,10145.73,51.3,211.43,good,good,"heuristic-proxy verdict, not manually reviewed"
dataset\Dataset\Dataset\train\2.76.jpg,2498,852,9744.06,49.78,210.78,good,good,"heuristic-proxy verdict, not manually reviewed"
dataset\Dataset\Dataset\train\2.77.jpg,2506,852,9137.62,47.54,213.37,good,good,"heuristic-proxy verdict, not manually reviewed"
dataset\Dataset\Dataset\train\2.78.jpg,2504,849,8373.43,47.39,208.96,good,good,"heuristic-proxy verdict, not manually reviewed"
dataset\Dataset\Dataset\train\2.79.jpg,2497,860,7793.86,46.51,215.66,good,good,"heuristic-proxy verdict, not manually reviewed"
dataset\Dataset\Dataset\train\2.8.jpg,2474,824,9882.91,51.92,211.21,good,good,"heuristic-proxy verdict, not manually reviewed"
dataset\Dataset\Dataset\train\2.80.jpg,2508,838,8050.36,46.13,215.24,good,good,"heuristic-proxy verdict, not manually reviewed"
dataset\Dataset\Dataset\train\2.81.jpg,2520,866,8405.48,50.68,211.5,good,good,"heuristic-proxy verdict, not manually reviewed"
dataset\Dataset\Dataset\train\2.82.jpg,2501,838,9625.76,51.03,202.09,good,good,"heuristic-proxy verdict, not manually reviewed"
dataset\Dataset\Dataset\train\2.83.jpg,2502,836,9526.17,48.69,197.42,good,good,"heuristic-proxy verdict, not manually reviewed"
dataset\Dataset\Dataset\train\2.84.jpg,2506,824,10535.8,52.07,203.04,good,good,"heuristic-proxy verdict, not manually reviewed"
dataset\Dataset\Dataset\train\2.85.jpg,2494,836,10587.67,52.47,205.77,good,good,"heuristic-proxy verdict, not manually reviewed"
dataset\Dataset\Dataset\train\2.86.jpg,2518,838,9005.76,46.83,191.74,good,good,"heuristic-proxy verdict, not manually reviewed"
dataset\Dataset\Dataset\train\2.87.jpg,2496,842,7376.58,42.18,184.98,good,good,"heuristic-proxy verdict, not manually reviewed"
dataset\Dataset\Dataset\train\2.88.jpg,2370,842,10330.18,49.85,198.18,good,good,"heuristic-proxy verdict, not manually reviewed"
dataset\Dataset\Dataset\train\2.89.jpg,2562,834,9348.33,48.56,198.12,good,good,"heuristic-proxy verdict, not manually reviewed"
dataset\Dataset\Dataset\train\2.9.jpg,2520,830,10870.61,52.7,211.3,good,good,"heuristic-proxy verdict, not manually reviewed"
dataset\Dataset\Dataset\train\2.90.jpg,2499,846,7811.44,46.93,212.08,good,good,"heuristic-proxy verdict, not manually reviewed"
dataset\Dataset\Dataset\train\2.91.jpg,2514,854,7222.54,42.19,179.29,good,good,"heuristic-proxy verdict, not manually reviewed"
dataset\Dataset\Dataset\train\2.92.jpg,2522,859,4053.95,35.58,161.73,good,good,"heuristic-proxy verdict, not manually reviewed"
dataset\Dataset\Dataset\train\2.93.jpg,2530,849,6824.01,46.34,156.7,good,good,"heuristic-proxy verdict, not manually reviewed"
dataset\Dataset\Dataset\train\2.94.jpg,2540,861,5630.5,44.5,157.93,good,good,"heuristic-proxy verdict, not manually reviewed"
dataset\Dataset\Dataset\train\2.95.jpg,2474,814,8181.3,41.71,163.74,good,good,"heuristic-proxy verdict, not manually reviewed"
dataset\Dataset\Dataset\train\2.96.jpg,2468,831,8056.23,41.82,164.6,good,good,"heuristic-proxy verdict, not manually reviewed"
dataset\Dataset\Dataset\train\2.97.jpg,2488,840,10183.56,46.11,162.99,good,good,"heuristic-proxy verdict, not manually reviewed"
dataset\Dataset\Dataset\train\2.98.jpg,2488,828,9956.03,45.18,164.21,good,good,"heuristic-proxy verdict, not manually reviewed"
dataset\Dataset\Dataset\train\2.99.jpg,2487,850,9836.21,46.47,161.91,good,good,"heuristic-proxy verdict, not manually reviewed"
dataset\Dataset\Dataset\train\3.0.jpg,3204,500,592.75,21.48,93.78,acceptable,acceptable,"heuristic-proxy verdict, not manually reviewed"
dataset\Dataset\Dataset\train\3.1.jpg,3877,2901,125.54,20.38,27.37,acceptable,acceptable,"heuristic-proxy verdict, not manually reviewed"
dataset\Dataset\Dataset\train\3.10.jpg,1955,396,258.09,17.62,90.19,acceptable,acceptable,"heuristic-proxy verdict, not manually reviewed"
dataset\Dataset\Dataset\train\3.100.jpg,1948,414,331.88,21.99,98.19,acceptable,acceptable,"heuristic-proxy verdict, not manually reviewed"
dataset\Dataset\Dataset\train\3.101.jpg,3168,464,801.46,16.0,106.74,acceptable,acceptable,"heuristic-proxy verdict, not manually reviewed"
dataset\Dataset\Dataset\train\3.102.jpg,3877,2901,127.38,16.95,23.57,acceptable,acceptable,"heuristic-proxy verdict, not manually reviewed"
dataset\Dataset\Dataset\train\3.103.jpg,3877,2901,158.92,21.53,27.58,acceptable,acceptable,"heuristic-proxy verdict, not manually reviewed"
dataset\Dataset\Dataset\train\3.104.jpg,3142,472,537.36,18.41,103.12,acceptable,acceptable,"heuristic-proxy verdict, not manually reviewed"
dataset\Dataset\Dataset\train\3.105.jpg,3142,472,537.36,18.41,103.12,acceptable,acceptable,"heuristic-proxy verdict, not manually reviewed"
dataset\Dataset\Dataset\train\3.106.jpg,3320,484,165.36,27.5,155.97,good,good,"heuristic-proxy verdict, not manually reviewed"
dataset\Dataset\Dataset\train\3.107.jpg,3320,484,165.36,27.5,155.97,good,good,"heuristic-proxy verdict, not manually reviewed"
dataset\Dataset\Dataset\train\3.108.jpg,2681,449,709.37,17.01,79.21,acceptable,acceptable,"heuristic-proxy verdict, not manually reviewed"
dataset\Dataset\Dataset\train\3.109.jpg,2681,449,709.37,17.01,79.21,acceptable,acceptable,"heuristic-proxy verdict, not manually reviewed"
dataset\Dataset\Dataset\train\3.11.jpg,1953,420,311.69,25.15,91.11,good,good,"heuristic-proxy verdict, not manually reviewed"
dataset\Dataset\Dataset\train\3.110.jpg,1916,394,607.05,15.93,96.91,acceptable,acceptable,"heuristic-proxy verdict, not manually reviewed"
dataset\Dataset\Dataset\train\3.111.jpg,1916,394,607.05,15.93,96.91,acceptable,acceptable,"heuristic-proxy verdict, not manually reviewed"
dataset\Dataset\Dataset\train\3.112.jpg,1954,390,529.46,15.04,94.36,acceptable,acceptable,"heuristic-proxy verdict, not manually reviewed"
dataset\Dataset\Dataset\train\3.113.jpg,2632,451,559.75,14.78,75.36,acceptable,acceptable,"heuristic-proxy verdict, not manually reviewed"
dataset\Dataset\Dataset\train\3.114.jpg,1947,364,378.94,13.71,85.49,acceptable,acceptable,"heuristic-proxy verdict, not manually reviewed"
dataset\Dataset\Dataset\train\3.115.jpg,3877,2901,173.74,26.14,29.48,good,good,"heuristic-proxy verdict, not manually reviewed"
dataset\Dataset\Dataset\train\3.116.jpg,3877,2901,84.59,11.17,23.06,broken,acceptable,"HAND-REVIEWED: small leaf fragment, mostly dark mat background dominates whole-image stats, but the fragment itself has legible text"
dataset\Dataset\Dataset\train\3.117.jpg,1966,382,444.88,19.99,99.48,acceptable,acceptable,"heuristic-proxy verdict, not manually reviewed"
dataset\Dataset\Dataset\train\3.118.jpg,1934,409,439.54,15.97,70.16,acceptable,acceptable,"heuristic-proxy verdict, not manually reviewed"
dataset\Dataset\Dataset\train\3.119.jpg,3877,2901,141.12,19.48,27.49,acceptable,acceptable,"heuristic-proxy verdict, not manually reviewed"
dataset\Dataset\Dataset\train\3.12.jpg,1952,396,210.67,16.45,80.25,acceptable,acceptable,"heuristic-proxy verdict, not manually reviewed"
dataset\Dataset\Dataset\train\3.120.jpg,1922,389,293.35,11.72,73.42,broken,good,"HAND-REVIEWED: heuristic bucket was wrong -- clearly legible, minor holes/damage only"
dataset\Dataset\Dataset\train\3.121.jpg,3877,2901,149.86,30.38,33.13,good,good,"heuristic-proxy verdict, not manually reviewed"
dataset\Dataset\Dataset\train\3.122.jpg,1944,399,382.08,16.26,71.87,acceptable,acceptable,"heuristic-proxy verdict, not manually reviewed"
dataset\Dataset\Dataset\train\3.123.jpg,1921,393,589.07,18.15,88.64,acceptable,acceptable,"heuristic-proxy verdict, not manually reviewed"
dataset\Dataset\Dataset\train\3.124.jpg,1919,414,318.3,17.04,78.76,acceptable,acceptable,"heuristic-proxy verdict, not manually reviewed"
dataset\Dataset\Dataset\train\3.125.jpg,1938,405,653.73,20.32,86.64,acceptable,acceptable,"heuristic-proxy verdict, not manually reviewed"
dataset\Dataset\Dataset\train\3.126.jpg,1914,408,419.86,15.59,71.2,acceptable,acceptable,"heuristic-proxy verdict, not manually reviewed"
dataset\Dataset\Dataset\train\3.127.jpg,1926,374,344.51,15.65,58.73,acceptable,acceptable,"heuristic-proxy verdict, not manually reviewed"
dataset\Dataset\Dataset\train\3.128.jpg,2664,444,854.47,18.47,78.45,acceptable,acceptable,HAND-REVIEWED: confirmed acceptable
dataset\Dataset\Dataset\train\3.129.jpg,3133,479,602.28,16.28,98.1,acceptable,acceptable,"heuristic-proxy verdict, not manually reviewed"
dataset\Dataset\Dataset\train\3.13.jpg,1909,427,102.64,17.0,84.34,acceptable,acceptable,"heuristic-proxy verdict, not manually reviewed"
dataset\Dataset\Dataset\train\3.130.jpg,1920,415,204.88,23.88,77.43,acceptable,acceptable,"heuristic-proxy verdict, not manually reviewed"
dataset\Dataset\Dataset\train\3.131.jpg,1943,420,310.89,14.29,70.25,acceptable,acceptable,"heuristic-proxy verdict, not manually reviewed"
dataset\Dataset\Dataset\train\3.132.jpg,1915,417,283.44,14.38,74.94,acceptable,acceptable,"heuristic-proxy verdict, not manually reviewed"
dataset\Dataset\Dataset\train\3.133.jpg,1931,425,347.35,15.26,70.85,acceptable,acceptable,"heuristic-proxy verdict, not manually reviewed"
dataset\Dataset\Dataset\train\3.134.jpg,3877,2901,108.31,16.11,25.28,acceptable,acceptable,"heuristic-proxy verdict, not manually reviewed"
dataset\Dataset\Dataset\train\3.135.jpg,3877,2901,155.1,21.49,26.68,acceptable,acceptable,"heuristic-proxy verdict, not manually reviewed"
dataset\Dataset\Dataset\train\3.136.jpg,3877,2901,151.07,22.63,27.05,acceptable,acceptable,"heuristic-proxy verdict, not manually reviewed"
dataset\Dataset\Dataset\train\3.137.jpg,1914,388,440.17,14.56,88.95,acceptable,acceptable,"heuristic-proxy verdict, not manually reviewed"
dataset\Dataset\Dataset\train\3.138.jpg,1932,421,324.64,16.17,74.75,acceptable,acceptable,"heuristic-proxy verdict, not manually reviewed"
dataset\Dataset\Dataset\train\3.139.jpg,1916,414,602.61,21.69,89.27,acceptable,acceptable,"heuristic-proxy verdict, not manually reviewed"
dataset\Dataset\Dataset\train\3.14.jpg,1965,432,343.78,25.91,90.81,good,good,"heuristic-proxy verdict, not manually reviewed"
dataset\Dataset\Dataset\train\3.140.jpg,1935,423,559.43,20.63,95.69,acceptable,acceptable,"heuristic-proxy verdict, not manually reviewed"
dataset\Dataset\Dataset\train\3.141.jpg,1951,405,231.09,17.34,90.25,acceptable,acceptable,"heuristic-proxy verdict, not manually reviewed"
dataset\Dataset\Dataset\train\3.142.jpg,1916,394,607.05,15.93,96.91,acceptable,acceptable,"heuristic-proxy verdict, not manually reviewed"
dataset\Dataset\Dataset\train\3.143.jpg,3877,2901,76.39,18.97,22.31,acceptable,acceptable,"heuristic-proxy verdict, not manually reviewed"
dataset\Dataset\Dataset\train\3.144.jpg,1921,393,589.07,18.15,88.64,acceptable,acceptable,"heuristic-proxy verdict, not manually reviewed"
dataset\Dataset\Dataset\train\3.145.jpg,1921,393,589.07,18.15,88.64,acceptable,acceptable,"heuristic-proxy verdict, not manually reviewed"
dataset\Dataset\Dataset\train\3.146.jpg,1890,378,277.26,14.9,84.86,acceptable,acceptable,"heuristic-proxy verdict, not manually reviewed"
dataset\Dataset\Dataset\train\3.147.jpg,1958,477,260.01,23.09,73.62,acceptable,acceptable,"heuristic-proxy verdict, not manually reviewed"
dataset\Dataset\Dataset\train\3.148.jpg,3877,2901,117.39,16.79,24.16,acceptable,acceptable,"heuristic-proxy verdict, not manually reviewed"
dataset\Dataset\Dataset\train\3.149.jpg,1909,427,102.64,17.0,84.34,acceptable,acceptable,"heuristic-proxy verdict, not manually reviewed"
dataset\Dataset\Dataset\train\3.15.jpg,1967,381,215.68,16.12,92.56,acceptable,acceptable,"heuristic-proxy verdict, not manually reviewed"
dataset\Dataset\Dataset\train\3.150.jpg,1964,441,324.66,21.1,74.69,acceptable,acceptable,"heuristic-proxy verdict, not manually reviewed"
dataset\Dataset\Dataset\train\3.151.jpg,3877,2901,123.56,19.16,26.7,acceptable,acceptable,"heuristic-proxy verdict, not manually reviewed"
dataset\Dataset\Dataset\train\3.152.jpg,3877,2901,75.16,20.59,23.12,acceptable,acceptable,"heuristic-proxy verdict, not manually reviewed"
dataset\Dataset\Dataset\train\3.153.jpg,1949,401,311.79,21.78,93.67,acceptable,acceptable,"heuristic-proxy verdict, not manually reviewed"
dataset\Dataset\Dataset\train\3.154.jpg,1951,387,304.63,18.02,97.36,acceptable,acceptable,"heuristic-proxy verdict, not manually reviewed"
dataset\Dataset\Dataset\train\3.155.jpg,1968,358,288.72,13.71,94.69,acceptable,acceptable,"heuristic-proxy verdict, not manually reviewed"
dataset\Dataset\Dataset\train\3.156.jpg,1890,378,277.26,14.9,84.86,acceptable,acceptable,"heuristic-proxy verdict, not manually reviewed"
dataset\Dataset\Dataset\train\3.157.jpg,1936,421,740.74,26.58,95.88,good,good,"heuristic-proxy verdict, not manually reviewed"
dataset\Dataset\Dataset\train\3.158.jpg,1967,366,447.53,13.51,96.97,acceptable,acceptable,HAND-REVIEWED: confirmed acceptable
dataset\Dataset\Dataset\train\3.159.jpg,1981,424,573.0,21.48,85.91,acceptable,acceptable,"heuristic-proxy verdict, not manually reviewed"
dataset\Dataset\Dataset\train\3.16.jpg,2644,468,875.14,19.29,81.25,acceptable,acceptable,"heuristic-proxy verdict, not manually reviewed"
dataset\Dataset\Dataset\train\3.160.jpg,1942,426,710.68,19.52,79.03,acceptable,acceptable,"heuristic-proxy verdict, not manually reviewed"
dataset\Dataset\Dataset\train\3.161.jpg,2617,444,517.67,19.36,64.24,acceptable,acceptable,"heuristic-proxy verdict, not manually reviewed"
dataset\Dataset\Dataset\train\3.162.jpg,1919,395,276.0,12.32,61.02,acceptable,acceptable,HAND-REVIEWED: confirmed acceptable
dataset\Dataset\Dataset\train\3.163.jpg,1951,396,348.76,15.65,70.46,acceptable,acceptable,"heuristic-proxy verdict, not manually reviewed"
dataset\Dataset\Dataset\train\3.164.jpg,1915,383,439.26,13.45,86.51,acceptable,acceptable,"heuristic-proxy verdict, not manually reviewed"
dataset\Dataset\Dataset\train\3.165.jpg,2675,430,810.12,16.61,87.2,acceptable,acceptable,"heuristic-proxy verdict, not manually reviewed"
dataset\Dataset\Dataset\train\3.166.jpg,1950,416,358.86,16.24,78.78,acceptable,acceptable,"heuristic-proxy verdict, not manually reviewed"
dataset\Dataset\Dataset\train\3.167.jpg,1890,378,277.26,14.9,84.86,acceptable,acceptable,"heuristic-proxy verdict, not manually reviewed"
dataset\Dataset\Dataset\train\3.168.jpg,3877,2901,115.42,28.16,31.58,good,good,"heuristic-proxy verdict, not manually reviewed"
dataset\Dataset\Dataset\train\3.169.jpg,1914,420,301.22,16.63,77.22,acceptable,acceptable,"heuristic-proxy verdict, not manually reviewed"
dataset\Dataset\Dataset\train\3.17.jpg,1989,425,425.59,25.41,92.69,good,good,"heuristic-proxy verdict, not manually reviewed"
dataset\Dataset\Dataset\train\3.170.jpg,1981,393,284.49,15.68,71.97,acceptable,acceptable,"heuristic-proxy verdict, not manually reviewed"
dataset\Dataset\Dataset\train\3.171.jpg,1948,394,82.22,16.22,109.01,acceptable,acceptable,"heuristic-proxy verdict, not manually reviewed"
dataset\Dataset\Dataset\train\3.172.jpg,1949,396,399.84,21.75,96.87,acceptable,acceptable,"heuristic-proxy verdict, not manually reviewed"
dataset\Dataset\Dataset\train\3.173.jpg,1983,438,365.03,23.16,88.5,acceptable,acceptable,"heuristic-proxy verdict, not manually reviewed"
dataset\Dataset\Dataset\train\3.174.jpg,2579,422,690.93,18.97,76.62,acceptable,acceptable,"heuristic-proxy verdict, not manually reviewed"
dataset\Dataset\Dataset\train\3.175.jpg,3877,2901,80.15,18.16,21.31,acceptable,acceptable,"heuristic-proxy verdict, not manually reviewed"
dataset\Dataset\Dataset\train\3.176.jpg,1978,403,443.28,19.24,110.39,acceptable,acceptable,"heuristic-proxy verdict, not manually reviewed"
dataset\Dataset\Dataset\train\3.177.jpg,1955,393,323.1,13.17,91.72,acceptable,acceptable,"heuristic-proxy verdict, not manually reviewed"
dataset\Dataset\Dataset\train\3.178.jpg,1958,477,260.01,23.09,73.62,acceptable,acceptable,"heuristic-proxy verdict, not manually reviewed"
dataset\Dataset\Dataset\train\3.179.jpg,1942,409,372.72,21.84,89.4,acceptable,acceptable,"heuristic-proxy verdict, not manually reviewed"
dataset\Dataset\Dataset\train\3.18.jpg,3222,444,789.98,19.99,98.98,acceptable,acceptable,"heuristic-proxy verdict, not manually reviewed"
dataset\Dataset\Dataset\train\3.180.jpg,1999,421,226.92,17.4,63.4,acceptable,acceptable,"heuristic-proxy verdict, not manually reviewed"
dataset\Dataset\Dataset\train\3.181.jpg,1946,416,441.89,23.15,90.97,acceptable,acceptable,"heuristic-proxy verdict, not manually reviewed"
dataset\Dataset\Dataset\train\3.182.jpg,3877,2901,91.4,19.73,24.01,acceptable,acceptable,"heuristic-proxy verdict, not manually reviewed"
dataset\Dataset\Dataset\train\3.183.jpg,3877,2901,127.24,18.12,25.16,acceptable,acceptable,"heuristic-proxy verdict, not manually reviewed"
dataset\Dataset\Dataset\train\3.184.jpg,1961,344,83.45,12.92,108.82,acceptable,acceptable,"heuristic-proxy verdict, not manually reviewed"
dataset\Dataset\Dataset\train\3.185.jpg,1967,387,444.71,17.9,102.46,acceptable,acceptable,"heuristic-proxy verdict, not manually reviewed"
dataset\Dataset\Dataset\train\3.186.jpg,1952,434,377.44,23.94,81.8,acceptable,acceptable,"heuristic-proxy verdict, not manually reviewed"
dataset\Dataset\Dataset\train\3.187.jpg,3877,2901,118.78,18.58,24.14,acceptable,acceptable,"heuristic-proxy verdict, not manually reviewed"
dataset\Dataset\Dataset\train\3.188.jpg,3877,2901,75.19,18.44,25.81,acceptable,acceptable,"heuristic-proxy verdict, not manually reviewed"
dataset\Dataset\Dataset\train\3.189.jpg,1958,477,260.01,23.09,73.62,acceptable,acceptable,"heuristic-proxy verdict, not manually reviewed"
dataset\Dataset\Dataset\train\3.19.jpg,1954,406,359.63,23.66,104.66,acceptable,acceptable,"heuristic-proxy verdict, not manually reviewed"
dataset\Dataset\Dataset\train\3.190.jpg,1952,408,668.33,22.47,108.85,acceptable,acceptable,"heuristic-proxy verdict, not manually reviewed"
dataset\Dataset\Dataset\train\3.191.jpg,3877,2901,97.4,24.69,24.22,acceptable,acceptable,"heuristic-proxy verdict, not manually reviewed"
dataset\Dataset\Dataset\train\3.192.jpg,1944,390,373.57,20.07,95.9,acceptable,acceptable,"heuristic-proxy verdict, not manually reviewed"
dataset\Dataset\Dataset\train\3.193.jpg,1955,411,105.27,19.53,78.61,acceptable,acceptable,"heuristic-proxy verdict, not manually reviewed"
dataset\Dataset\Dataset\train\3.194.jpg,1950,366,227.02,11.98,80.31,broken,good,"HAND-REVIEWED: heuristic bucket was wrong -- clearly legible, minor holes/damage only"
dataset\Dataset\Dataset\train\3.195.jpg,3877,2901,82.14,23.21,23.4,acceptable,acceptable,"heuristic-proxy verdict, not manually reviewed"
dataset\Dataset\Dataset\train\3.196.jpg,1960,370,220.66,13.18,110.7,acceptable,acceptable,"heuristic-proxy verdict, not manually reviewed"
dataset\Dataset\Dataset\train\3.197.jpg,1954,408,229.66,16.1,92.93,acceptable,acceptable,"heuristic-proxy verdict, not manually reviewed"
dataset\Dataset\Dataset\train\3.198.jpg,2681,449,709.37,17.01,79.21,acceptable,acceptable,"heuristic-proxy verdict, not manually reviewed"
dataset\Dataset\Dataset\train\3.199.jpg,1958,416,204.21,22.4,96.03,acceptable,acceptable,"heuristic-proxy verdict, not manually reviewed"
dataset\Dataset\Dataset\train\3.2.jpg,1909,427,102.64,17.0,84.34,acceptable,acceptable,"heuristic-proxy verdict, not manually reviewed"
dataset\Dataset\Dataset\train\3.20.jpg,1946,407,392.55,22.71,99.46,acceptable,acceptable,"heuristic-proxy verdict, not manually reviewed"
dataset\Dataset\Dataset\train\3.21.jpg,3877,2901,158.92,21.53,27.58,acceptable,acceptable,"heuristic-proxy verdict, not manually reviewed"
dataset\Dataset\Dataset\train\3.22.jpg,1936,318,290.4,24.26,101.25,acceptable,acceptable,"heuristic-proxy verdict, not manually reviewed"
dataset\Dataset\Dataset\train\3.23.jpg,1944,388,280.07,21.78,99.63,acceptable,acceptable,"heuristic-proxy verdict, not manually reviewed"
dataset\Dataset\Dataset\train\3.24.jpg,1964,441,324.66,21.1,74.69,acceptable,acceptable,"heuristic-proxy verdict, not manually reviewed"
dataset\Dataset\Dataset\train\3.25.jpg,1962,366,370.54,18.61,104.6,acceptable,acceptable,"heuristic-proxy verdict, not manually reviewed"
dataset\Dataset\Dataset\train\3.26.jpg,1960,359,295.67,15.97,89.32,acceptable,acceptable,"heuristic-proxy verdict, not manually reviewed"
dataset\Dataset\Dataset\train\3.27.jpg,1948,316,244.78,13.15,90.79,acceptable,acceptable,"heuristic-proxy verdict, not manually reviewed"
dataset\Dataset\Dataset\train\3.28.jpg,3877,2901,126.92,18.29,26.03,acceptable,acceptable,"heuristic-proxy verdict, not manually reviewed"
dataset\Dataset\Dataset\train\3.29.jpg,1958,440,115.72,23.26,72.92,acceptable,acceptable,HAND-REVIEWED: confirmed acceptable
dataset\Dataset\Dataset\train\3.3.jpg,2691,472,623.55,19.04,77.11,acceptable,acceptable,"heuristic-proxy verdict, not manually reviewed"
dataset\Dataset\Dataset\train\3.30.jpg,1944,319,418.44,14.31,95.91,acceptable,acceptable,"heuristic-proxy verdict, not manually reviewed"
dataset\Dataset\Dataset\train\3.31.jpg,1983,444,168.84,24.97,73.84,acceptable,acceptable,"heuristic-proxy verdict, not manually reviewed"
dataset\Dataset\Dataset\train\3.32.jpg,3877,2901,71.84,20.54,23.2,acceptable,acceptable,"heuristic-proxy verdict, not manually reviewed"
dataset\Dataset\Dataset\train\3.33.jpg,3172,508,742.1,22.99,107.5,acceptable,acceptable,"heuristic-proxy verdict, not manually reviewed"
dataset\Dataset\Dataset\train\3.34.jpg,1970,368,229.78,13.44,94.93,acceptable,acceptable,"heuristic-proxy verdict, not manually reviewed"
dataset\Dataset\Dataset\train\3.35.jpg,3877,2901,75.83,21.64,24.46,acceptable,acceptable,"heuristic-proxy verdict, not manually reviewed"
dataset\Dataset\Dataset\train\3.36.jpg,1973,367,264.99,14.06,99.98,acceptable,acceptable,"heuristic-proxy verdict, not manually reviewed"
dataset\Dataset\Dataset\train\3.37.jpg,1944,376,212.5,14.75,93.62,acceptable,acceptable,"heuristic-proxy verdict, not manually reviewed"
dataset\Dataset\Dataset\train\3.38.jpg,1943,391,520.16,21.98,111.33,acceptable,acceptable,"heuristic-proxy verdict, not manually reviewed"
dataset\Dataset\Dataset\train\3.39.jpg,1936,414,424.39,30.0,99.29,good,good,"heuristic-proxy verdict, not manually reviewed"
dataset\Dataset\Dataset\train\3.4.jpg,1966,428,499.67,27.9,97.02,good,good,"heuristic-proxy verdict, not manually reviewed"
dataset\Dataset\Dataset\train\3.40.jpg,1959,354,454.34,12.53,97.39,acceptable,acceptable,"heuristic-proxy verdict, not manually reviewed"
dataset\Dataset\Dataset\train\3.41.jpg,1960,421,395.38,21.01,93.38,acceptable,acceptable,"heuristic-proxy verdict, not manually reviewed"
dataset\Dataset\Dataset\train\3.42.jpg,1942,402,437.67,27.19,101.23,good,good,"heuristic-proxy verdict, not manually reviewed"
dataset\Dataset\Dataset\train\3.43.jpg,1940,404,351.71,25.73,100.66,good,good,"heuristic-proxy verdict, not manually reviewed"
dataset\Dataset\Dataset\train\3.44.jpg,1964,426,455.91,30.26,101.72,good,good,"heuristic-proxy verdict, not manually reviewed"
dataset\Dataset\Dataset\train\3.45.jpg,1958,394,239.58,22.42,105.08,acceptable,acceptable,"heuristic-proxy verdict, not manually reviewed"
dataset\Dataset\Dataset\train\3.46.jpg,1964,441,324.66,21.1,74.69,acceptable,acceptable,"heuristic-proxy verdict, not manually reviewed"
dataset\Dataset\Dataset\train\3.47.jpg,1947,487,193.75,14.48,95.57,acceptable,acceptable,"heuristic-proxy verdict, not manually reviewed"
dataset\Dataset\Dataset\train\3.48.jpg,3142,472,537.36,18.41,103.12,acceptable,acceptable,"heuristic-proxy verdict, not manually reviewed"
dataset\Dataset\Dataset\train\3.49.jpg,1970,403,371.38,16.88,91.39,acceptable,acceptable,"heuristic-proxy verdict, not manually reviewed"
dataset\Dataset\Dataset\train\3.5.jpg,1966,394,499.62,21.56,92.96,acceptable,acceptable,"heuristic-proxy verdict, not manually reviewed"
dataset\Dataset\Dataset\train\3.50.jpg,2674,442,1457.28,36.22,86.86,good,good,"heuristic-proxy verdict, not manually reviewed"
dataset\Dataset\Dataset\train\3.51.jpg,1944,398,297.2,24.69,98.85,acceptable,acceptable,"heuristic-proxy verdict, not manually reviewed"
dataset\Dataset\Dataset\train\3.52.jpg,1948,405,227.11,25.13,94.5,good,good,"heuristic-proxy verdict, not manually reviewed"
dataset\Dataset\Dataset\train\3.53.jpg,1971,379,231.55,18.2,101.35,acceptable,acceptable,"heuristic-proxy verdict, not manually reviewed"
dataset\Dataset\Dataset\train\3.54.jpg,1969,438,408.04,31.2,92.45,good,good,"heuristic-proxy verdict, not manually reviewed"
dataset\Dataset\Dataset\train\3.55.jpg,1964,372,596.22,19.19,99.11,acceptable,acceptable,HAND-REVIEWED: confirmed acceptable
dataset\Dataset\Dataset\train\3.56.jpg,1940,406,399.07,22.95,94.28,acceptable,acceptable,"heuristic-proxy verdict, not manually reviewed"
dataset\Dataset\Dataset\train\3.57.jpg,3877,2901,75.16,20.59,23.12,acceptable,acceptable,"heuristic-proxy verdict, not manually reviewed"
dataset\Dataset\Dataset\train\3.58.jpg,1941,410,386.27,31.93,105.01,good,good,"heuristic-proxy verdict, not manually reviewed"
dataset\Dataset\Dataset\train\3.59.jpg,1976,342,270.39,17.3,96.93,acceptable,acceptable,"heuristic-proxy verdict, not manually reviewed"
dataset\Dataset\Dataset\train\3.6.jpg,1978,381,486.88,20.51,106.26,acceptable,acceptable,"heuristic-proxy verdict, not manually reviewed"
dataset\Dataset\Dataset\train\3.60.jpg,1946,437,424.56,30.04,91.43,good,good,"heuristic-proxy verdict, not manually reviewed"
dataset\Dataset\Dataset\train\3.61.jpg,3320,484,165.36,27.5,155.97,good,good,"heuristic-proxy verdict, not manually reviewed"
dataset\Dataset\Dataset\train\3.62.jpg,443,1956,237.05,31.46,96.58,good,good,"heuristic-proxy verdict, not manually reviewed"
dataset\Dataset\Dataset\train\3.63.jpg,1970,414,229.2,21.74,86.72,acceptable,acceptable,"heuristic-proxy verdict, not manually reviewed"
dataset\Dataset\Dataset\train\3.64.jpg,1954,404,269.42,14.65,79.8,acceptable,acceptable,"heuristic-proxy verdict, not manually reviewed"
dataset\Dataset\Dataset\train\3.65.jpg,1943,346,257.28,15.7,101.26,acceptable,acceptable,"heuristic-proxy verdict, not manually reviewed"
dataset\Dataset\Dataset\train\3.66.jpg,3323,520,282.91,37.45,131.55,good,good,"heuristic-proxy verdict, not manually reviewed"
dataset\Dataset\Dataset\train\3.67.jpg,1982,393,307.59,21.21,109.86,acceptable,acceptable,"heuristic-proxy verdict, not manually reviewed"
dataset\Dataset\Dataset\train\3.68.jpg,1947,416,180.25,17.49,82.48,acceptable,acceptable,"heuristic-proxy verdict, not manually reviewed"
dataset\Dataset\Dataset\train\3.69.jpg,1943,436,400.01,29.08,102.27,good,good,"heuristic-proxy verdict, not manually reviewed"
dataset\Dataset\Dataset\train\3.7.jpg,1953,392,219.2,13.29,97.66,acceptable,acceptable,"heuristic-proxy verdict, not manually reviewed"
dataset\Dataset\Dataset\train\3.70.jpg,1945,440,344.44,22.98,77.66,acceptable,acceptable,"heuristic-proxy verdict, not manually reviewed"
dataset\Dataset\Dataset\train\3.71.jpg,1971,401,670.51,24.84,107.98,acceptable,acceptable,"heuristic-proxy verdict, not manually reviewed"
dataset\Dataset\Dataset\train\3.72.jpg,1946,357,196.83,17.03,95.05,acceptable,acceptable,"heuristic-proxy verdict, not manually reviewed"
dataset\Dataset\Dataset\train\3.73.jpg,1966,336,486.64,25.25,110.09,good,good,"heuristic-proxy verdict, not manually reviewed"
dataset\Dataset\Dataset\train\3.74.jpg,2661,402,1153.72,18.7,87.46,acceptable,acceptable,"heuristic-proxy verdict, not manually reviewed"
dataset\Dataset\Dataset\train\3.75.jpg,3877,2901,89.26,17.56,23.14,acceptable,acceptable,"heuristic-proxy verdict, not manually reviewed"
dataset\Dataset\Dataset\train\3.76.jpg,3877,2901,93.52,23.55,22.94,acceptable,acceptable,"heuristic-proxy verdict, not manually reviewed"
dataset\Dataset\Dataset\train\3.77.jpg,1974,402,508.2,21.86,96.69,acceptable,acceptable,"heuristic-proxy verdict, not manually reviewed"
dataset\Dataset\Dataset\train\3.78.jpg,1953,387,397.39,24.01,96.2,acceptable,acceptable,"heuristic-proxy verdict, not manually reviewed"
dataset\Dataset\Dataset\train\3.79.jpg,3877,2901,104.24,17.57,25.68,acceptable,acceptable,"HAND-REVIEWED: confirmed acceptable -- small leaf on dark mat, content legible"
dataset\Dataset\Dataset\train\3.8.jpg,1950,384,212.51,16.93,99.5,acceptable,acceptable,"heuristic-proxy verdict, not manually reviewed"
dataset\Dataset\Dataset\train\3.80.jpg,1944,428,506.61,27.45,91.59,good,good,"heuristic-proxy verdict, not manually reviewed"
dataset\Dataset\Dataset\train\3.81.jpg,1958,434,152.06,24.97,77.37,acceptable,acceptable,"heuristic-proxy verdict, not manually reviewed"
dataset\Dataset\Dataset\train\3.82.jpg,1948,366,436.57,13.99,95.55,acceptable,acceptable,"heuristic-proxy verdict, not manually reviewed"
dataset\Dataset\Dataset\train\3.83.jpg,1958,380,189.27,16.35,92.18,acceptable,acceptable,"heuristic-proxy verdict, not manually reviewed"
dataset\Dataset\Dataset\train\3.84.jpg,3877,2901,149.86,30.38,33.13,good,good,"heuristic-proxy verdict, not manually reviewed"
dataset\Dataset\Dataset\train\3.85.jpg,3877,2901,117.39,16.79,24.16,acceptable,acceptable,"heuristic-proxy verdict, not manually reviewed"
dataset\Dataset\Dataset\train\3.86.jpg,2617,444,517.67,19.36,64.24,acceptable,acceptable,"heuristic-proxy verdict, not manually reviewed"
dataset\Dataset\Dataset\train\3.87.jpg,3877,2901,131.69,17.15,24.83,acceptable,acceptable,"heuristic-proxy verdict, not manually reviewed"
dataset\Dataset\Dataset\train\3.88.jpg,1958,374,270.81,14.64,97.93,acceptable,acceptable,"heuristic-proxy verdict, not manually reviewed"
dataset\Dataset\Dataset\train\3.89.jpg,1935,423,559.43,20.63,95.69,acceptable,acceptable,"heuristic-proxy verdict, not manually reviewed"
dataset\Dataset\Dataset\train\3.9.jpg,1958,433,412.65,25.62,99.99,good,good,"heuristic-proxy verdict, not manually reviewed"
dataset\Dataset\Dataset\train\3.90.jpg,3877,2901,113.29,18.73,27.69,acceptable,acceptable,"heuristic-proxy verdict, not manually reviewed"
dataset\Dataset\Dataset\train\3.91.jpg,2579,422,690.93,18.97,76.62,acceptable,acceptable,"heuristic-proxy verdict, not manually reviewed"
dataset\Dataset\Dataset\train\3.92.jpg,2661,402,1153.72,18.7,87.46,acceptable,acceptable,"heuristic-proxy verdict, not manually reviewed"
dataset\Dataset\Dataset\train\3.93.jpg,3877,2901,118.78,18.58,24.14,acceptable,acceptable,"heuristic-proxy verdict, not manually reviewed"
dataset\Dataset\Dataset\train\3.94.jpg,2691,472,623.55,19.04,77.11,acceptable,acceptable,"heuristic-proxy verdict, not manually reviewed"
dataset\Dataset\Dataset\train\3.95.jpg,2644,468,875.14,19.29,81.25,acceptable,acceptable,"heuristic-proxy verdict, not manually reviewed"
dataset\Dataset\Dataset\train\3.96.jpg,3877,2901,141.12,19.48,27.49,acceptable,acceptable,"heuristic-proxy verdict, not manually reviewed"
dataset\Dataset\Dataset\train\3.97.jpg,3133,479,602.28,16.28,98.1,acceptable,acceptable,"heuristic-proxy verdict, not manually reviewed"
dataset\Dataset\Dataset\train\3.98.jpg,3133,479,602.28,16.28,98.1,acceptable,acceptable,"heuristic-proxy verdict, not manually reviewed"
dataset\Dataset\Dataset\train\3.99.jpg,3877,2901,158.92,21.53,27.58,acceptable,acceptable,"heuristic-proxy verdict, not manually reviewed"
dataset\Dataset\Dataset\train\4.0.jpg,2048,1536,936.3,36.67,145.2,good,good,"heuristic-proxy verdict, not manually reviewed"
dataset\Dataset\Dataset\train\4.1.jpg,2048,1536,936.3,36.67,145.2,good,good,"heuristic-proxy verdict, not manually reviewed"
dataset\Dataset\Dataset\train\4.10.jpg,2048,1536,565.48,37.72,148.46,good,good,"heuristic-proxy verdict, not manually reviewed"
dataset\Dataset\Dataset\train\4.100.jpg,2048,1536,177.65,25.25,134.33,good,good,"heuristic-proxy verdict, not manually reviewed"
dataset\Dataset\Dataset\train\4.101.jpg,2048,1536,575.09,31.89,111.52,good,good,"heuristic-proxy verdict, not manually reviewed"
dataset\Dataset\Dataset\train\4.102.jpg,2048,1536,432.86,30.96,136.64,good,good,"heuristic-proxy verdict, not manually reviewed"
dataset\Dataset\Dataset\train\4.103.jpg,2048,1536,432.86,30.96,136.64,good,good,"heuristic-proxy verdict, not manually reviewed"
dataset\Dataset\Dataset\train\4.104.jpg,2048,1536,341.92,36.91,160.72,good,good,"heuristic-proxy verdict, not manually reviewed"
dataset\Dataset\Dataset\train\4.105.jpg,2048,1536,341.92,36.91,160.72,good,good,"heuristic-proxy verdict, not manually reviewed"
dataset\Dataset\Dataset\train\4.106.jpg,2048,1536,353.06,38.88,173.7,good,good,"heuristic-proxy verdict, not manually reviewed"
dataset\Dataset\Dataset\train\4.107.jpg,2048,1536,353.06,38.88,173.7,good,good,"heuristic-proxy verdict, not manually reviewed"
dataset\Dataset\Dataset\train\4.108.jpg,2048,1536,393.04,36.53,173.67,good,good,"heuristic-proxy verdict, not manually reviewed"
dataset\Dataset\Dataset\train\4.109.jpg,2048,1536,393.04,36.53,173.67,good,good,"heuristic-proxy verdict, not manually reviewed"
dataset\Dataset\Dataset\train\4.11.jpg,2048,1536,260.57,14.95,139.05,acceptable,acceptable,"heuristic-proxy verdict, not manually reviewed"
dataset\Dataset\Dataset\train\4.110.jpg,2048,1536,849.53,33.35,138.59,good,good,"heuristic-proxy verdict, not manually reviewed"
dataset\Dataset\Dataset\train\4.111.jpg,2048,1536,849.53,33.35,138.59,good,good,"heuristic-proxy verdict, not manually reviewed"
dataset\Dataset\Dataset\train\4.112.jpg,2048,1536,448.89,32.24,131.39,good,good,"heuristic-proxy verdict, not manually reviewed"
dataset\Dataset\Dataset\train\4.113.jpg,2048,1536,415.9,30.43,139.5,good,good,"heuristic-proxy verdict, not manually reviewed"
dataset\Dataset\Dataset\train\4.114.jpg,2048,1536,415.9,30.43,139.5,good,good,"heuristic-proxy verdict, not manually reviewed"
dataset\Dataset\Dataset\train\4.115.jpg,2048,1536,430.64,29.36,136.16,good,good,"heuristic-proxy verdict, not manually reviewed"
dataset\Dataset\Dataset\train\4.116.jpg,2048,1536,430.64,29.36,136.16,good,good,"heuristic-proxy verdict, not manually reviewed"
dataset\Dataset\Dataset\train\4.117.jpg,2048,1536,596.21,35.22,140.48,good,good,"heuristic-proxy verdict, not manually reviewed"
dataset\Dataset\Dataset\train\4.118.jpg,2048,1536,596.21,35.22,140.48,good,good,"heuristic-proxy verdict, not manually reviewed"
dataset\Dataset\Dataset\train\4.119.jpg,2048,1536,672.5,32.88,135.46,good,good,"heuristic-proxy verdict, not manually reviewed"
dataset\Dataset\Dataset\train\4.12.jpg,2048,1536,260.57,14.95,139.05,acceptable,acceptable,"heuristic-proxy verdict, not manually reviewed"
dataset\Dataset\Dataset\train\4.120.jpg,2048,1536,672.5,32.88,135.46,good,good,"heuristic-proxy verdict, not manually reviewed"
dataset\Dataset\Dataset\train\4.121.jpg,2048,1536,742.99,34.46,143.29,good,good,"heuristic-proxy verdict, not manually reviewed"
dataset\Dataset\Dataset\train\4.122.jpg,2048,1536,742.99,34.46,143.29,good,good,"heuristic-proxy verdict, not manually reviewed"
dataset\Dataset\Dataset\train\4.123.jpg,2048,1536,448.89,32.24,131.39,good,good,"heuristic-proxy verdict, not manually reviewed"
dataset\Dataset\Dataset\train\4.124.jpg,2048,1536,706.95,32.89,139.56,good,good,"heuristic-proxy verdict, not manually reviewed"
dataset\Dataset\Dataset\train\4.125.jpg,2048,1536,706.95,32.89,139.56,good,good,"heuristic-proxy verdict, not manually reviewed"
dataset\Dataset\Dataset\train\4.126.jpg,2048,1536,455.76,37.37,136.1,good,good,"heuristic-proxy verdict, not manually reviewed"
dataset\Dataset\Dataset\train\4.127.jpg,2048,1536,455.76,37.37,136.1,good,good,"heuristic-proxy verdict, not manually reviewed"
dataset\Dataset\Dataset\train\4.128.jpg,2048,1536,601.5,37.49,137.26,good,good,"heuristic-proxy verdict, not manually reviewed"
dataset\Dataset\Dataset\train\4.129.jpg,2048,1536,601.5,37.49,137.26,good,good,"heuristic-proxy verdict, not manually reviewed"
dataset\Dataset\Dataset\train\4.13.jpg,2048,1536,458.09,31.78,124.46,good,good,"heuristic-proxy verdict, not manually reviewed"
dataset\Dataset\Dataset\train\4.130.jpg,2048,1536,384.02,33.01,135.91,good,good,"heuristic-proxy verdict, not manually reviewed"
dataset\Dataset\Dataset\train\4.131.jpg,2048,1536,384.02,33.01,135.91,good,good,"heuristic-proxy verdict, not manually reviewed"
dataset\Dataset\Dataset\train\4.132.jpg,2048,1536,387.95,29.55,127.11,good,good,"heuristic-proxy verdict, not manually reviewed"
dataset\Dataset\Dataset\train\4.133.jpg,2048,1536,387.95,29.55,127.11,good,good,"heuristic-proxy verdict, not manually reviewed"
dataset\Dataset\Dataset\train\4.134.jpg,2048,1536,477.76,32.24,129.23,good,good,"heuristic-proxy verdict, not manually reviewed"
dataset\Dataset\Dataset\train\4.135.jpg,2048,1536,442.32,29.64,158.8,good,good,"heuristic-proxy verdict, not manually reviewed"
dataset\Dataset\Dataset\train\4.136.jpg,2048,1536,442.32,29.64,158.8,good,good,"heuristic-proxy verdict, not manually reviewed"
dataset\Dataset\Dataset\train\4.137.jpg,2048,1536,420.11,26.46,155.32,good,good,"heuristic-proxy verdict, not manually reviewed"
dataset\Dataset\Dataset\train\4.138.jpg,2048,1536,420.11,26.46,155.32,good,good,"heuristic-proxy verdict, not manually reviewed"
dataset\Dataset\Dataset\train\4.139.jpg,2048,1536,336.74,31.24,139.47,good,good,"heuristic-proxy verdict, not manually reviewed"
dataset\Dataset\Dataset\train\4.14.jpg,2048,1536,369.74,16.99,141.39,acceptable,acceptable,"heuristic-proxy verdict, not manually reviewed"
dataset\Dataset\Dataset\train\4.140.jpg,2048,1536,336.74,31.24,139.47,good,good,"heuristic-proxy verdict, not manually reviewed"
dataset\Dataset\Dataset\train\4.141.jpg,2048,1536,363.64,30.25,141.59,good,good,"heuristic-proxy verdict, not manually reviewed"
dataset\Dataset\Dataset\train\4.142.jpg,2048,1536,363.64,30.25,141.59,good,good,"heuristic-proxy verdict, not manually reviewed"
dataset\Dataset\Dataset\train\4.143.jpg,2048,1536,443.8,32.18,141.57,good,good,"heuristic-proxy verdict, not manually reviewed"
dataset\Dataset\Dataset\train\4.144.jpg,2048,1536,443.8,32.18,141.57,good,good,"heuristic-proxy verdict, not manually reviewed"
dataset\Dataset\Dataset\train\4.145.jpg,2048,1536,477.76,32.24,129.23,good,good,"heuristic-proxy verdict, not manually reviewed"
dataset\Dataset\Dataset\train\4.146.jpg,2048,1536,348.43,33.12,144.04,good,good,"heuristic-proxy verdict, not manually reviewed"
dataset\Dataset\Dataset\train\4.147.jpg,2048,1536,348.43,33.12,144.04,good,good,"heuristic-proxy verdict, not manually reviewed"
dataset\Dataset\Dataset\train\4.148.jpg,2048,1536,561.58,38.51,154.74,good,good,"heuristic-proxy verdict, not manually reviewed"
dataset\Dataset\Dataset\train\4.149.jpg,2048,1536,561.58,38.51,154.74,good,good,"heuristic-proxy verdict, not manually reviewed"
dataset\Dataset\Dataset\train\4.15.jpg,2048,1536,369.74,16.99,141.39,acceptable,acceptable,"heuristic-proxy verdict, not manually reviewed"
dataset\Dataset\Dataset\train\4.150.jpg,2048,1536,319.69,27.65,164.94,good,good,"heuristic-proxy verdict, not manually reviewed"
dataset\Dataset\Dataset\train\4.151.jpg,2048,1536,319.69,27.65,164.94,good,good,"heuristic-proxy verdict, not manually reviewed"
dataset\Dataset\Dataset\train\4.152.jpg,2048,1536,462.87,28.06,168.67,good,good,"heuristic-proxy verdict, not manually reviewed"
dataset\Dataset\Dataset\train\4.153.jpg,2048,1536,462.87,28.06,168.67,good,good,"heuristic-proxy verdict, not manually reviewed"
dataset\Dataset\Dataset\train\4.154.jpg,2048,1536,338.8,27.02,163.24,good,good,"heuristic-proxy verdict, not manually reviewed"
dataset\Dataset\Dataset\train\4.155.jpg,2048,1536,338.8,27.02,163.24,good,good,"heuristic-proxy verdict, not manually reviewed"
dataset\Dataset\Dataset\train\4.156.jpg,2048,1536,569.48,30.68,126.23,good,good,"heuristic-proxy verdict, not manually reviewed"
dataset\Dataset\Dataset\train\4.157.jpg,2048,1536,409.43,26.35,166.58,good,good,"heuristic-proxy verdict, not manually reviewed"
dataset\Dataset\Dataset\train\4.158.jpg,2048,1536,409.43,26.35,166.58,good,good,"heuristic-proxy verdict, not manually reviewed"
dataset\Dataset\Dataset\train\4.159.jpg,2048,1536,435.8,26.16,173.8,good,good,"heuristic-proxy verdict, not manually reviewed"
dataset\Dataset\Dataset\train\4.16.jpg,2048,1536,1109.64,27.98,143.06,good,good,"heuristic-proxy verdict, not manually reviewed"
dataset\Dataset\Dataset\train\4.160.jpg,2048,1536,435.8,26.16,173.8,good,good,"heuristic-proxy verdict, not manually reviewed"
dataset\Dataset\Dataset\train\4.161.jpg,2048,1536,479.66,26.34,164.16,good,good,"heuristic-proxy verdict, not manually reviewed"
dataset\Dataset\Dataset\train\4.162.jpg,2048,1536,479.66,26.34,164.16,good,good,"heuristic-proxy verdict, not manually reviewed"
dataset\Dataset\Dataset\train\4.163.jpg,2048,1536,430.11,26.23,165.82,good,good,"heuristic-proxy verdict, not manually reviewed"
dataset\Dataset\Dataset\train\4.164.jpg,2048,1536,430.11,26.23,165.82,good,good,"heuristic-proxy verdict, not manually reviewed"
dataset\Dataset\Dataset\train\4.165.jpg,2048,1536,386.74,25.5,164.75,good,good,"heuristic-proxy verdict, not manually reviewed"
dataset\Dataset\Dataset\train\4.166.jpg,2048,1536,386.74,25.5,164.75,good,good,"heuristic-proxy verdict, not manually reviewed"
dataset\Dataset\Dataset\train\4.167.jpg,2048,1536,569.48,30.68,126.23,good,good,"heuristic-proxy verdict, not manually reviewed"
dataset\Dataset\Dataset\train\4.168.jpg,2048,1536,275.02,24.56,161.84,acceptable,acceptable,"heuristic-proxy verdict, not manually reviewed"
dataset\Dataset\Dataset\train\4.169.jpg,2048,1536,275.02,24.56,161.84,acceptable,acceptable,"heuristic-proxy verdict, not manually reviewed"
dataset\Dataset\Dataset\train\4.17.jpg,2048,1536,1109.64,27.98,143.06,good,good,"heuristic-proxy verdict, not manually reviewed"
dataset\Dataset\Dataset\train\4.170.jpg,2048,1536,376.26,25.12,167.71,good,good,"heuristic-proxy verdict, not manually reviewed"
dataset\Dataset\Dataset\train\4.171.jpg,2048,1536,376.26,25.12,167.71,good,good,"heuristic-proxy verdict, not manually reviewed"
dataset\Dataset\Dataset\train\4.172.jpg,2048,1536,698.53,27.41,148.43,good,good,"heuristic-proxy verdict, not manually reviewed"
dataset\Dataset\Dataset\train\4.173.jpg,2048,1536,698.53,27.41,148.43,good,good,"heuristic-proxy verdict, not manually reviewed"
dataset\Dataset\Dataset\train\4.174.jpg,2048,1536,775.38,28.22,146.05,good,good,"heuristic-proxy verdict, not manually reviewed"
dataset\Dataset\Dataset\train\4.175.jpg,2048,1536,775.38,28.22,146.05,good,good,"heuristic-proxy verdict, not manually reviewed"
dataset\Dataset\Dataset\train\4.176.jpg,2048,1536,469.25,27.51,164.23,good,good,"heuristic-proxy verdict, not manually reviewed"
dataset\Dataset\Dataset\train\4.177.jpg,2048,1536,469.25,27.51,164.23,good,good,"heuristic-proxy verdict, not manually reviewed"
dataset\Dataset\Dataset\train\4.178.jpg,2048,1536,543.24,30.85,123.22,good,good,"heuristic-proxy verdict, not manually reviewed"
dataset\Dataset\Dataset\train\4.179.jpg,2048,1536,548.28,28.27,160.67,good,good,"heuristic-proxy verdict, not manually reviewed"
dataset\Dataset\Dataset\train\4.18.jpg,2048,1536,1152.96,28.35,143.75,good,good,"heuristic-proxy verdict, not manually reviewed"
dataset\Dataset\Dataset\train\4.180.jpg,2048,1536,548.28,28.27,160.67,good,good,"heuristic-proxy verdict, not manually reviewed"
dataset\Dataset\Dataset\train\4.181.jpg,2048,1536,782.12,28.6,151.46,good,good,"heuristic-proxy verdict, not manually reviewed"
dataset\Dataset\Dataset\train\4.182.jpg,2048,1536,782.12,28.6,151.46,good,good,"heuristic-proxy verdict, not manually reviewed"
dataset\Dataset\Dataset\train\4.183.jpg,2048,1536,672.14,27.32,149.0,good,good,"heuristic-proxy verdict, not manually reviewed"
dataset\Dataset\Dataset\train\4.184.jpg,2048,1536,672.14,27.32,149.0,good,good,"heuristic-proxy verdict, not manually reviewed"
dataset\Dataset\Dataset\train\4.185.jpg,2048,1536,751.14,27.91,156.96,good,good,"heuristic-proxy verdict, not manually reviewed"
dataset\Dataset\Dataset\train\4.186.jpg,2048,1536,751.14,27.91,156.96,good,good,"heuristic-proxy verdict, not manually reviewed"
dataset\Dataset\Dataset\train\4.187.jpg,2048,1536,529.9,26.11,148.68,good,good,"heuristic-proxy verdict, not manually reviewed"
dataset\Dataset\Dataset\train\4.188.jpg,2048,1536,529.9,26.11,148.68,good,good,"heuristic-proxy verdict, not manually reviewed"
dataset\Dataset\Dataset\train\4.189.jpg,2048,1536,543.24,30.85,123.22,good,good,"heuristic-proxy verdict, not manually reviewed"
dataset\Dataset\Dataset\train\4.19.jpg,2048,1536,1152.96,28.35,143.75,good,good,"heuristic-proxy verdict, not manually reviewed"
dataset\Dataset\Dataset\train\4.190.jpg,2048,1536,749.96,27.96,154.54,good,good,"heuristic-proxy verdict, not manually reviewed"
dataset\Dataset\Dataset\train\4.191.jpg,2048,1536,749.96,27.96,154.54,good,good,"heuristic-proxy verdict, not manually reviewed"
dataset\Dataset\Dataset\train\4.192.jpg,2048,1536,545.02,28.1,163.4,good,good,"heuristic-proxy verdict, not manually reviewed"
dataset\Dataset\Dataset\train\4.193.jpg,2048,1536,545.02,28.1,163.4,good,good,"heuristic-proxy verdict, not manually reviewed"
dataset\Dataset\Dataset\train\4.194.jpg,2048,1536,595.92,28.1,159.54,good,good,"heuristic-proxy verdict, not manually reviewed"
dataset\Dataset\Dataset\train\4.195.jpg,2048,1536,595.92,28.1,159.54,good,good,"heuristic-proxy verdict, not manually reviewed"
dataset\Dataset\Dataset\train\4.196.jpg,2048,1536,490.05,27.3,166.57,good,good,"heuristic-proxy verdict, not manually reviewed"
dataset\Dataset\Dataset\train\4.197.jpg,2048,1536,490.05,27.3,166.57,good,good,"heuristic-proxy verdict, not manually reviewed"
dataset\Dataset\Dataset\train\4.198.jpg,2048,1536,481.01,27.56,161.95,good,good,"heuristic-proxy verdict, not manually reviewed"
dataset\Dataset\Dataset\train\4.199.jpg,2048,1536,481.01,27.56,161.95,good,good,"heuristic-proxy verdict, not manually reviewed"
dataset\Dataset\Dataset\train\4.2.jpg,2048,1536,458.09,31.78,124.46,good,good,"heuristic-proxy verdict, not manually reviewed"
dataset\Dataset\Dataset\train\4.20.jpg,2048,1536,183.66,22.4,157.44,acceptable,acceptable,"heuristic-proxy verdict, not manually reviewed"
dataset\Dataset\Dataset\train\4.21.jpg,2048,1536,183.66,22.4,157.44,acceptable,acceptable,"heuristic-proxy verdict, not manually reviewed"
dataset\Dataset\Dataset\train\4.22.jpg,2048,1536,627.6,20.2,150.43,acceptable,acceptable,"heuristic-proxy verdict, not manually reviewed"
dataset\Dataset\Dataset\train\4.23.jpg,2048,1536,627.6,20.2,150.43,acceptable,acceptable,"heuristic-proxy verdict, not manually reviewed"
dataset\Dataset\Dataset\train\4.24.jpg,2048,1536,435.73,31.51,126.18,good,good,"heuristic-proxy verdict, not manually reviewed"
dataset\Dataset\Dataset\train\4.25.jpg,2048,1536,282.95,14.64,133.4,acceptable,acceptable,"heuristic-proxy verdict, not manually reviewed"
dataset\Dataset\Dataset\train\4.26.jpg,2048,1536,282.95,14.64,133.4,acceptable,acceptable,"heuristic-proxy verdict, not manually reviewed"
dataset\Dataset\Dataset\train\4.27.jpg,2048,1536,586.82,27.69,132.16,good,good,"heuristic-proxy verdict, not manually reviewed"
dataset\Dataset\Dataset\train\4.28.jpg,2048,1536,586.82,27.69,132.16,good,good,"heuristic-proxy verdict, not manually reviewed"
dataset\Dataset\Dataset\train\4.29.jpg,2048,1536,179.01,13.98,133.33,acceptable,acceptable,"heuristic-proxy verdict, not manually reviewed"
dataset\Dataset\Dataset\train\4.3.jpg,2048,1536,419.2,28.72,160.98,good,good,"heuristic-proxy verdict, not manually reviewed"
dataset\Dataset\Dataset\train\4.30.jpg,2048,1536,179.01,13.98,133.33,acceptable,acceptable,"heuristic-proxy verdict, not manually reviewed"
dataset\Dataset\Dataset\train\4.31.jpg,2048,1536,833.6,32.02,146.48,good,good,"heuristic-proxy verdict, not manually reviewed"
dataset\Dataset\Dataset\train\4.32.jpg,2048,1536,833.6,32.02,146.48,good,good,"heuristic-proxy verdict, not manually reviewed"
dataset\Dataset\Dataset\train\4.33.jpg,2048,1536,143.5,14.36,123.7,acceptable,acceptable,"heuristic-proxy verdict, not manually reviewed"
dataset\Dataset\Dataset\train\4.34.jpg,2048,1536,143.5,14.36,123.7,acceptable,acceptable,"heuristic-proxy verdict, not manually reviewed"
dataset\Dataset\Dataset\train\4.35.jpg,2048,1536,435.73,31.51,126.18,good,good,"heuristic-proxy verdict, not manually reviewed"
dataset\Dataset\Dataset\train\4.36.jpg,2048,1536,267.02,21.55,121.13,acceptable,acceptable,"HAND-REVIEWED: confirmed acceptable -- short legible fragment, rest of leaf blank"
dataset\Dataset\Dataset\train\4.37.jpg,2048,1536,267.02,21.55,121.13,acceptable,acceptable,"heuristic-proxy verdict, not manually reviewed"
dataset\Dataset\Dataset\train\4.38.jpg,2048,1536,671.1,32.04,145.95,good,good,"heuristic-proxy verdict, not manually reviewed"
dataset\Dataset\Dataset\train\4.39.jpg,2048,1536,671.1,32.04,145.95,good,good,"heuristic-proxy verdict, not manually reviewed"
dataset\Dataset\Dataset\train\4.4.jpg,2048,1536,419.2,28.72,160.98,good,good,"heuristic-proxy verdict, not manually reviewed"
dataset\Dataset\Dataset\train\4.40.jpg,2048,1536,814.64,32.27,143.95,good,good,"heuristic-proxy verdict, not manually reviewed"
dataset\Dataset\Dataset\train\4.41.jpg,2048,1536,814.64,32.27,143.95,good,good,"heuristic-proxy verdict, not manually reviewed"
dataset\Dataset\Dataset\train\4.42.jpg,2048,1536,366.78,33.47,162.89,good,good,"heuristic-proxy verdict, not manually reviewed"
dataset\Dataset\Dataset\train\4.43.jpg,2048,1536,366.78,33.47,162.89,good,good,"heuristic-proxy verdict, not manually reviewed"
dataset\Dataset\Dataset\train\4.44.jpg,2048,1536,67.95,24.82,153.77,acceptable,acceptable,"heuristic-proxy verdict, not manually reviewed"
dataset\Dataset\Dataset\train\4.45.jpg,2048,1536,67.95,24.82,153.77,acceptable,acceptable,"heuristic-proxy verdict, not manually reviewed"
dataset\Dataset\Dataset\train\4.46.jpg,2048,1536,898.56,33.35,131.19,good,good,"heuristic-proxy verdict, not manually reviewed"
dataset\Dataset\Dataset\train\4.47.jpg,2048,1536,750.4,34.55,149.41,good,good,"heuristic-proxy verdict, not manually reviewed"
dataset\Dataset\Dataset\train\4.48.jpg,2048,1536,750.4,34.55,149.41,good,good,"heuristic-proxy verdict, not manually reviewed"
dataset\Dataset\Dataset\train\4.49.jpg,2048,1536,104.57,16.98,125.29,acceptable,acceptable,"heuristic-proxy verdict, not manually reviewed"
dataset\Dataset\Dataset\train\4.5.jpg,2048,1536,483.67,28.74,166.17,good,good,"heuristic-proxy verdict, not manually reviewed"
dataset\Dataset\Dataset\train\4.50.jpg,2048,1536,104.57,16.98,125.29,acceptable,acceptable,"heuristic-proxy verdict, not manually reviewed"
dataset\Dataset\Dataset\train\4.51.jpg,2048,1536,58.43,24.71,150.4,acceptable,acceptable,"heuristic-proxy verdict, not manually reviewed"
dataset\Dataset\Dataset\train\4.52.jpg,2048,1536,58.43,24.71,150.4,acceptable,acceptable,"heuristic-proxy verdict, not manually reviewed"
dataset\Dataset\Dataset\train\4.53.jpg,2048,1536,419.93,34.63,143.48,good,good,"heuristic-proxy verdict, not manually reviewed"
dataset\Dataset\Dataset\train\4.54.jpg,2048,1536,419.93,34.63,143.48,good,good,"heuristic-proxy verdict, not manually reviewed"
dataset\Dataset\Dataset\train\4.55.jpg,2048,1536,447.42,30.24,136.09,good,good,"heuristic-proxy verdict, not manually reviewed"
dataset\Dataset\Dataset\train\4.56.jpg,2048,1536,447.42,30.24,136.09,good,good,"heuristic-proxy verdict, not manually reviewed"
dataset\Dataset\Dataset\train\4.57.jpg,2048,1536,898.56,33.35,131.19,good,good,"heuristic-proxy verdict, not manually reviewed"
dataset\Dataset\Dataset\train\4.58.jpg,2048,1536,401.69,30.62,140.08,good,good,"heuristic-proxy verdict, not manually reviewed"
dataset\Dataset\Dataset\train\4.59.jpg,2048,1536,401.69,30.62,140.08,good,good,"heuristic-proxy verdict, not manually reviewed"
dataset\Dataset\Dataset\train\4.6.jpg,2048,1536,483.67,28.74,166.17,good,good,"heuristic-proxy verdict, not manually reviewed"
dataset\Dataset\Dataset\train\4.60(1).jpg,2048,1536,605.38,31.58,143.06,good,good,"heuristic-proxy verdict, not manually reviewed"
dataset\Dataset\Dataset\train\4.60.jpg,2048,1536,605.38,31.58,143.06,good,good,"heuristic-proxy verdict, not manually reviewed"
dataset\Dataset\Dataset\train\4.61(1).jpg,2048,1536,605.38,31.58,143.06,good,good,"heuristic-proxy verdict, not manually reviewed"
dataset\Dataset\Dataset\train\4.61.jpg,2048,1536,605.38,31.58,143.06,good,good,"heuristic-proxy verdict, not manually reviewed"
dataset\Dataset\Dataset\train\4.62(1).jpg,2048,1536,405.13,29.58,145.86,good,good,"heuristic-proxy verdict, not manually reviewed"
dataset\Dataset\Dataset\train\4.62.jpg,2048,1536,405.13,29.58,145.86,good,good,"heuristic-proxy verdict, not manually reviewed"
dataset\Dataset\Dataset\train\4.63(1).jpg,2048,1536,405.13,29.58,145.86,good,good,"heuristic-proxy verdict, not manually reviewed"
dataset\Dataset\Dataset\train\4.63.jpg,2048,1536,405.13,29.58,145.86,good,good,"heuristic-proxy verdict, not manually reviewed"
dataset\Dataset\Dataset\train\4.64(1).jpg,2048,1536,458.48,28.29,146.22,good,good,HAND-REVIEWED: confirmed good
dataset\Dataset\Dataset\train\4.64.jpg,2048,1536,458.48,28.29,146.22,good,good,"heuristic-proxy verdict, not manually reviewed"
dataset\Dataset\Dataset\train\4.65(1).jpg,2048,1536,458.48,28.29,146.22,good,good,"heuristic-proxy verdict, not manually reviewed"
dataset\Dataset\Dataset\train\4.65.jpg,2048,1536,458.48,28.29,146.22,good,good,"heuristic-proxy verdict, not manually reviewed"
dataset\Dataset\Dataset\train\4.66(1).jpg,2048,1536,377.8,29.89,135.32,good,good,"heuristic-proxy verdict, not manually reviewed"
dataset\Dataset\Dataset\train\4.66.jpg,2048,1536,377.8,29.89,135.32,good,good,"heuristic-proxy verdict, not manually reviewed"
dataset\Dataset\Dataset\train\4.67.jpg,2048,1536,377.8,29.89,135.32,good,good,"heuristic-proxy verdict, not manually reviewed"
dataset\Dataset\Dataset\train\4.68.jpg,2048,1536,905.36,36.35,120.9,good,good,"heuristic-proxy verdict, not manually reviewed"
dataset\Dataset\Dataset\train\4.69.jpg,2048,1536,414.39,26.63,134.29,good,good,"heuristic-proxy verdict, not manually reviewed"
dataset\Dataset\Dataset\train\4.7.jpg,2048,1536,331.05,28.17,161.52,good,good,"heuristic-proxy verdict, not manually reviewed"
dataset\Dataset\Dataset\train\4.70.jpg,2048,1536,414.39,26.63,134.29,good,good,"heuristic-proxy verdict, not manually reviewed"
dataset\Dataset\Dataset\train\4.71.jpg,2048,1536,1418.81,28.21,137.09,good,good,"heuristic-proxy verdict, not manually reviewed"
dataset\Dataset\Dataset\train\4.72.jpg,2048,1536,1418.81,28.21,137.09,good,good,"heuristic-proxy verdict, not manually reviewed"
dataset\Dataset\Dataset\train\4.73.jpg,2048,1536,722.42,25.02,135.98,good,good,"heuristic-proxy verdict, not manually reviewed"
dataset\Dataset\Dataset\train\4.74.jpg,2048,1536,722.42,25.02,135.98,good,good,"heuristic-proxy verdict, not manually reviewed"
dataset\Dataset\Dataset\train\4.75.jpg,2048,1536,1299.87,29.95,134.01,good,good,"heuristic-proxy verdict, not manually reviewed"
dataset\Dataset\Dataset\train\4.76.jpg,2048,1536,1299.87,29.95,134.01,good,good,"heuristic-proxy verdict, not manually reviewed"
dataset\Dataset\Dataset\train\4.77.jpg,2048,1536,603.38,25.05,141.86,good,good,"heuristic-proxy verdict, not manually reviewed"
dataset\Dataset\Dataset\train\4.78.jpg,2048,1536,603.38,25.05,141.86,good,good,"heuristic-proxy verdict, not manually reviewed"
dataset\Dataset\Dataset\train\4.79.jpg,2048,1536,905.36,36.35,120.9,good,good,"heuristic-proxy verdict, not manually reviewed"
dataset\Dataset\Dataset\train\4.8.jpg,2048,1536,331.05,28.17,161.52,good,good,"heuristic-proxy verdict, not manually reviewed"
dataset\Dataset\Dataset\train\4.80.jpg,2048,1536,1618.39,32.73,134.45,good,good,"heuristic-proxy verdict, not manually reviewed"
dataset\Dataset\Dataset\train\4.81.jpg,2048,1536,1618.39,32.73,134.45,good,good,"heuristic-proxy verdict, not manually reviewed"
dataset\Dataset\Dataset\train\4.82.jpg,2048,1536,235.65,28.5,157.04,good,good,"heuristic-proxy verdict, not manually reviewed"
dataset\Dataset\Dataset\train\4.83.jpg,2048,1536,235.65,28.5,157.04,good,good,"heuristic-proxy verdict, not manually reviewed"
dataset\Dataset\Dataset\train\4.84.jpg,2048,1536,1080.67,39.63,153.3,good,good,"heuristic-proxy verdict, not manually reviewed"
dataset\Dataset\Dataset\train\4.85.jpg,2048,1536,1080.67,39.63,153.3,good,good,"heuristic-proxy verdict, not manually reviewed"
dataset\Dataset\Dataset\train\4.86.jpg,2048,1536,457.34,30.18,148.83,good,good,"heuristic-proxy verdict, not manually reviewed"
dataset\Dataset\Dataset\train\4.87.jpg,2048,1536,457.34,30.18,148.83,good,good,"heuristic-proxy verdict, not manually reviewed"
dataset\Dataset\Dataset\train\4.88.jpg,2048,1536,541.44,27.35,142.34,good,good,"heuristic-proxy verdict, not manually reviewed"
dataset\Dataset\Dataset\train\4.89.jpg,2048,1536,541.44,27.35,142.34,good,good,"heuristic-proxy verdict, not manually reviewed"
dataset\Dataset\Dataset\train\4.9.jpg,2048,1536,565.48,37.72,148.46,good,good,"heuristic-proxy verdict, not manually reviewed"
dataset\Dataset\Dataset\train\4.90.jpg,2048,1536,575.09,31.89,111.52,good,good,"heuristic-proxy verdict, not manually reviewed"
dataset\Dataset\Dataset\train\4.91.jpg,2048,1536,345.62,24.67,143.36,acceptable,acceptable,"heuristic-proxy verdict, not manually reviewed"
dataset\Dataset\Dataset\train\4.92.jpg,2048,1536,345.62,24.67,143.36,acceptable,acceptable,"heuristic-proxy verdict, not manually reviewed"
dataset\Dataset\Dataset\train\4.93.jpg,2048,1536,657.86,28.09,135.48,good,good,"heuristic-proxy verdict, not manually reviewed"
dataset\Dataset\Dataset\train\4.94.jpg,2048,1536,657.86,28.09,135.48,good,good,"heuristic-proxy verdict, not manually reviewed"
dataset\Dataset\Dataset\train\4.95.jpg,2048,1536,481.45,28.74,142.07,good,good,"heuristic-proxy verdict, not manually reviewed"
dataset\Dataset\Dataset\train\4.96.jpg,2048,1536,481.45,28.74,142.07,good,good,"heuristic-proxy verdict, not manually reviewed"
dataset\Dataset\Dataset\train\4.97.jpg,2048,1536,488.27,35.32,127.17,good,good,"heuristic-proxy verdict, not manually reviewed"
dataset\Dataset\Dataset\train\4.98.jpg,2048,1536,488.27,35.32,127.17,good,good,"heuristic-proxy verdict, not manually reviewed"
dataset\Dataset\Dataset\train\4.99.jpg,2048,1536,177.65,25.25,134.33,good,good,"heuristic-proxy verdict, not manually reviewed"
dataset\Dataset\Dataset\val\1.0.jpg,1632,1224,415.97,34.14,160.75,good,good,"heuristic-proxy verdict, not manually reviewed"
dataset\Dataset\Dataset\val\1.1.jpg,1632,1224,415.97,34.14,160.75,good,good,"heuristic-proxy verdict, not manually reviewed"
dataset\Dataset\Dataset\val\1.10.jpg,2048,1536,486.46,33.29,161.78,good,good,"heuristic-proxy verdict, not manually reviewed"
dataset\Dataset\Dataset\val\1.11.jpg,2048,1536,486.46,33.29,161.78,good,good,"heuristic-proxy verdict, not manually reviewed"
dataset\Dataset\Dataset\val\1.12.jpg,2048,1536,288.05,30.52,162.33,good,good,"heuristic-proxy verdict, not manually reviewed"
dataset\Dataset\Dataset\val\1.13.jpg,2048,1536,288.05,30.52,162.33,good,good,"heuristic-proxy verdict, not manually reviewed"
dataset\Dataset\Dataset\val\1.14.jpg,2048,1536,271.46,30.33,163.88,good,good,"heuristic-proxy verdict, not manually reviewed"
dataset\Dataset\Dataset\val\1.15.jpg,2048,1536,271.46,30.33,163.88,good,good,"heuristic-proxy verdict, not manually reviewed"
dataset\Dataset\Dataset\val\1.16.jpg,2048,1536,240.97,29.45,157.16,good,good,"heuristic-proxy verdict, not manually reviewed"
dataset\Dataset\Dataset\val\1.17.jpg,2048,1536,240.97,29.45,157.16,good,good,"heuristic-proxy verdict, not manually reviewed"
dataset\Dataset\Dataset\val\1.18.jpg,2048,1536,556.8,34.95,157.89,good,good,"heuristic-proxy verdict, not manually reviewed"
dataset\Dataset\Dataset\val\1.19.jpg,2048,1536,556.8,34.95,157.89,good,good,"heuristic-proxy verdict, not manually reviewed"
dataset\Dataset\Dataset\val\1.2.jpg,2048,1536,376.36,35.15,168.4,good,good,"heuristic-proxy verdict, not manually reviewed"
dataset\Dataset\Dataset\val\1.20.jpg,2048,1536,590.97,34.32,157.29,good,good,"heuristic-proxy verdict, not manually reviewed"
dataset\Dataset\Dataset\val\1.21.jpg,2048,1536,590.97,34.32,157.29,good,good,"heuristic-proxy verdict, not manually reviewed"
dataset\Dataset\Dataset\val\1.22.jpg,2048,1536,495.23,34.01,157.32,good,good,"heuristic-proxy verdict, not manually reviewed"
dataset\Dataset\Dataset\val\1.23.jpg,2048,1536,495.23,34.01,157.32,good,good,"heuristic-proxy verdict, not manually reviewed"
dataset\Dataset\Dataset\val\1.24.jpg,2048,1536,511.94,31.75,160.22,good,good,"heuristic-proxy verdict, not manually reviewed"
dataset\Dataset\Dataset\val\1.3.jpg,2048,1536,376.36,35.15,168.4,good,good,"heuristic-proxy verdict, not manually reviewed"
dataset\Dataset\Dataset\val\1.4.jpg,2048,1536,347.56,33.27,162.2,good,good,"heuristic-proxy verdict, not manually reviewed"
dataset\Dataset\Dataset\val\1.5.jpg,2048,1536,347.56,33.27,162.2,good,good,"heuristic-proxy verdict, not manually reviewed"
dataset\Dataset\Dataset\val\1.6.jpg,2048,1536,345.41,32.47,167.6,good,good,"heuristic-proxy verdict, not manually reviewed"
dataset\Dataset\Dataset\val\1.7.jpg,2048,1536,345.41,32.47,167.6,good,good,"heuristic-proxy verdict, not manually reviewed"
dataset\Dataset\Dataset\val\1.8.jpg,2048,1536,613.62,35.13,163.77,good,good,"heuristic-proxy verdict, not manually reviewed"
dataset\Dataset\Dataset\val\1.9.jpg,2048,1536,613.62,35.13,163.77,good,good,"heuristic-proxy verdict, not manually reviewed"
dataset\Dataset\Dataset\val\2.0.jpg,2504,842,7366.99,43.43,205.44,good,good,"heuristic-proxy verdict, not manually reviewed"
dataset\Dataset\Dataset\val\2.1.jpg,2498,847,8718.16,47.31,208.96,good,good,"heuristic-proxy verdict, not manually reviewed"
dataset\Dataset\Dataset\val\2.10.jpg,2510,824,10817.61,53.93,208.07,good,good,"heuristic-proxy verdict, not manually reviewed"
dataset\Dataset\Dataset\val\2.11.jpg,2460,827,8341.43,52.76,211.25,good,good,"heuristic-proxy verdict, not manually reviewed"
dataset\Dataset\Dataset\val\2.12.jpg,2460,834,8784.63,51.78,211.2,good,good,"heuristic-proxy verdict, not manually reviewed"
dataset\Dataset\Dataset\val\2.13.jpg,2513,861,8099.04,49.98,212.92,good,good,"heuristic-proxy verdict, not manually reviewed"
dataset\Dataset\Dataset\val\2.14.jpg,2491,826,9008.94,52.1,211.96,good,good,"heuristic-proxy verdict, not manually reviewed"
dataset\Dataset\Dataset\val\2.15.jpg,2153,698,11077.52,58.9,200.15,good,good,"heuristic-proxy verdict, not manually reviewed"
dataset\Dataset\Dataset\val\2.16.jpg,2504,860,10613.2,52.96,210.75,good,good,"heuristic-proxy verdict, not manually reviewed"
dataset\Dataset\Dataset\val\2.17.jpg,2489,856,9441.01,50.11,215.94,good,good,"heuristic-proxy verdict, not manually reviewed"
dataset\Dataset\Dataset\val\2.18.jpg,2499,850,10471.28,53.47,216.0,good,good,"heuristic-proxy verdict, not manually reviewed"
dataset\Dataset\Dataset\val\2.19.jpg,2498,854,10462.16,52.45,213.4,good,good,"heuristic-proxy verdict, not manually reviewed"
dataset\Dataset\Dataset\val\2.2.jpg,2509,844,7683.85,45.1,214.3,good,good,"heuristic-proxy verdict, not manually reviewed"
dataset\Dataset\Dataset\val\2.20.jpg,2466,821,10221.26,53.55,207.96,good,good,"heuristic-proxy verdict, not manually reviewed"
dataset\Dataset\Dataset\val\2.21.jpg,2467,846,7747.67,51.28,210.78,good,good,"heuristic-proxy verdict, not manually reviewed"
dataset\Dataset\Dataset\val\2.22.jpg,2350,818,10944.07,59.29,203.06,good,good,"heuristic-proxy verdict, not manually reviewed"
dataset\Dataset\Dataset\val\2.23.jpg,2525,838,8277.45,53.22,210.63,good,good,"heuristic-proxy verdict, not manually reviewed"
dataset\Dataset\Dataset\val\2.24.jpg,2491,864,7345.11,47.5,211.61,good,good,"heuristic-proxy verdict, not manually reviewed"
dataset\Dataset\Dataset\val\2.3.jpg,2468,843,8650.69,52.84,213.63,good,good,"heuristic-proxy verdict, not manually reviewed"
dataset\Dataset\Dataset\val\2.4.jpg,2460,836,7888.06,49.9,216.57,good,good,"heuristic-proxy verdict, not manually reviewed"
dataset\Dataset\Dataset\val\2.5.jpg,2488,847,9188.41,51.97,212.86,good,good,"heuristic-proxy verdict, not manually reviewed"
dataset\Dataset\Dataset\val\2.6.jpg,2465,830,8072.84,51.51,213.93,good,good,"heuristic-proxy verdict, not manually reviewed"
dataset\Dataset\Dataset\val\2.7.jpg,2480,826,9242.65,49.54,210.67,good,good,"heuristic-proxy verdict, not manually reviewed"
dataset\Dataset\Dataset\val\2.8.jpg,2474,824,9882.91,51.92,211.21,good,good,"heuristic-proxy verdict, not manually reviewed"
dataset\Dataset\Dataset\val\2.9.jpg,2520,830,10870.61,52.7,211.3,good,good,"heuristic-proxy verdict, not manually reviewed"
dataset\Dataset\Dataset\val\3.0.jpg,3204,500,592.75,21.48,93.78,acceptable,acceptable,"heuristic-proxy verdict, not manually reviewed"
dataset\Dataset\Dataset\val\3.1.jpg,3877,2901,125.54,20.38,27.37,acceptable,acceptable,"heuristic-proxy verdict, not manually reviewed"
dataset\Dataset\Dataset\val\3.10.jpg,1955,396,258.09,17.62,90.19,acceptable,acceptable,"heuristic-proxy verdict, not manually reviewed"
dataset\Dataset\Dataset\val\3.11.jpg,1953,420,311.69,25.15,91.11,good,good,"heuristic-proxy verdict, not manually reviewed"
dataset\Dataset\Dataset\val\3.12.jpg,1952,396,210.67,16.45,80.25,acceptable,acceptable,"heuristic-proxy verdict, not manually reviewed"
dataset\Dataset\Dataset\val\3.13.jpg,1909,427,102.64,17.0,84.34,acceptable,acceptable,"heuristic-proxy verdict, not manually reviewed"
dataset\Dataset\Dataset\val\3.14.jpg,1965,432,343.78,25.91,90.81,good,good,"heuristic-proxy verdict, not manually reviewed"
dataset\Dataset\Dataset\val\3.15.jpg,1967,381,215.68,16.12,92.56,acceptable,acceptable,"heuristic-proxy verdict, not manually reviewed"
dataset\Dataset\Dataset\val\3.16.jpg,2644,468,875.14,19.29,81.25,acceptable,acceptable,"heuristic-proxy verdict, not manually reviewed"
dataset\Dataset\Dataset\val\3.17.jpg,1989,425,425.59,25.41,92.69,good,good,"heuristic-proxy verdict, not manually reviewed"
dataset\Dataset\Dataset\val\3.18.jpg,3222,444,789.98,19.99,98.98,acceptable,acceptable,"heuristic-proxy verdict, not manually reviewed"
dataset\Dataset\Dataset\val\3.19.jpg,1954,406,359.63,23.66,104.66,acceptable,acceptable,"heuristic-proxy verdict, not manually reviewed"
dataset\Dataset\Dataset\val\3.2.jpg,1909,427,102.64,17.0,84.34,acceptable,acceptable,"heuristic-proxy verdict, not manually reviewed"
dataset\Dataset\Dataset\val\3.20.jpg,1946,407,392.55,22.71,99.46,acceptable,acceptable,"heuristic-proxy verdict, not manually reviewed"
dataset\Dataset\Dataset\val\3.21.jpg,2714,565,806.61,31.17,69.51,good,good,"heuristic-proxy verdict, not manually reviewed"
dataset\Dataset\Dataset\val\3.22.jpg,1936,318,290.4,24.26,101.25,acceptable,acceptable,"heuristic-proxy verdict, not manually reviewed"
dataset\Dataset\Dataset\val\3.23.jpg,1944,388,280.07,21.78,99.63,acceptable,acceptable,"heuristic-proxy verdict, not manually reviewed"
dataset\Dataset\Dataset\val\3.24.jpg,1964,441,324.66,21.1,74.69,acceptable,acceptable,"heuristic-proxy verdict, not manually reviewed"
dataset\Dataset\Dataset\val\3.3.jpg,2691,472,623.55,19.04,77.11,acceptable,acceptable,"heuristic-proxy verdict, not manually reviewed"
dataset\Dataset\Dataset\val\3.4.jpg,1966,428,499.67,27.9,97.02,good,good,"heuristic-proxy verdict, not manually reviewed"
dataset\Dataset\Dataset\val\3.5.jpg,1966,394,499.62,21.56,92.96,acceptable,acceptable,"heuristic-proxy verdict, not manually reviewed"
dataset\Dataset\Dataset\val\3.6.jpg,1978,381,486.88,20.51,106.26,acceptable,acceptable,"heuristic-proxy verdict, not manually reviewed"
dataset\Dataset\Dataset\val\3.7.jpg,1953,392,219.2,13.29,97.66,acceptable,acceptable,"heuristic-proxy verdict, not manually reviewed"
dataset\Dataset\Dataset\val\3.8.jpg,1950,384,212.51,16.93,99.5,acceptable,acceptable,"heuristic-proxy verdict, not manually reviewed"
dataset\Dataset\Dataset\val\3.9.jpg,1958,433,412.65,25.62,99.99,good,good,"heuristic-proxy verdict, not manually reviewed"
dataset\Dataset\Dataset\val\4.0.jpg,2048,1536,936.3,36.67,145.2,good,good,"heuristic-proxy verdict, not manually reviewed"
dataset\Dataset\Dataset\val\4.1.jpg,2048,1536,936.3,36.67,145.2,good,good,"heuristic-proxy verdict, not manually reviewed"
dataset\Dataset\Dataset\val\4.10.jpg,2048,1536,565.48,37.72,148.46,good,good,"heuristic-proxy verdict, not manually reviewed"
dataset\Dataset\Dataset\val\4.11.jpg,2048,1536,260.57,14.95,139.05,acceptable,acceptable,"heuristic-proxy verdict, not manually reviewed"
dataset\Dataset\Dataset\val\4.12.jpg,2048,1536,260.57,14.95,139.05,acceptable,acceptable,"heuristic-proxy verdict, not manually reviewed"
dataset\Dataset\Dataset\val\4.13.jpg,2048,1536,458.09,31.78,124.46,good,good,"heuristic-proxy verdict, not manually reviewed"
dataset\Dataset\Dataset\val\4.14.jpg,2048,1536,369.74,16.99,141.39,acceptable,acceptable,"heuristic-proxy verdict, not manually reviewed"
dataset\Dataset\Dataset\val\4.15.jpg,2048,1536,369.74,16.99,141.39,acceptable,acceptable,"heuristic-proxy verdict, not manually reviewed"
dataset\Dataset\Dataset\val\4.16.jpg,2048,1536,1109.64,27.98,143.06,good,good,"heuristic-proxy verdict, not manually reviewed"
dataset\Dataset\Dataset\val\4.17.jpg,2048,1536,1109.64,27.98,143.06,good,good,"heuristic-proxy verdict, not manually reviewed"
dataset\Dataset\Dataset\val\4.18.jpg,2048,1536,1152.96,28.35,143.75,good,good,"heuristic-proxy verdict, not manually reviewed"
dataset\Dataset\Dataset\val\4.19.jpg,2048,1536,1152.96,28.35,143.75,good,good,"heuristic-proxy verdict, not manually reviewed"
dataset\Dataset\Dataset\val\4.2.jpg,2048,1536,458.09,31.78,124.46,good,good,"heuristic-proxy verdict, not manually reviewed"
dataset\Dataset\Dataset\val\4.20.jpg,2048,1536,183.66,22.4,157.44,acceptable,acceptable,"heuristic-proxy verdict, not manually reviewed"
dataset\Dataset\Dataset\val\4.21.jpg,2048,1536,183.66,22.4,157.44,acceptable,acceptable,"heuristic-proxy verdict, not manually reviewed"
dataset\Dataset\Dataset\val\4.22.jpg,2048,1536,627.6,20.2,150.43,acceptable,acceptable,"heuristic-proxy verdict, not manually reviewed"
dataset\Dataset\Dataset\val\4.23.jpg,2048,1536,627.6,20.2,150.43,acceptable,acceptable,"heuristic-proxy verdict, not manually reviewed"
dataset\Dataset\Dataset\val\4.24.jpg,2048,1536,435.73,31.51,126.18,good,good,"heuristic-proxy verdict, not manually reviewed"
dataset\Dataset\Dataset\val\4.3.jpg,2048,1536,419.2,28.72,160.98,good,good,"heuristic-proxy verdict, not manually reviewed"
dataset\Dataset\Dataset\val\4.4.jpg,2048,1536,419.2,28.72,160.98,good,good,"heuristic-proxy verdict, not manually reviewed"
dataset\Dataset\Dataset\val\4.5.jpg,2048,1536,483.67,28.74,166.17,good,good,"heuristic-proxy verdict, not manually reviewed"
dataset\Dataset\Dataset\val\4.6.jpg,2048,1536,483.67,28.74,166.17,good,good,"heuristic-proxy verdict, not manually reviewed"
dataset\Dataset\Dataset\val\4.7.jpg,2048,1536,331.05,28.17,161.52,good,good,"heuristic-proxy verdict, not manually reviewed"
dataset\Dataset\Dataset\val\4.8.jpg,2048,1536,331.05,28.17,161.52,good,good,"heuristic-proxy verdict, not manually reviewed"
dataset\Dataset\Dataset\val\4.9.jpg,2048,1536,565.48,37.72,148.46,good,good,"heuristic-proxy verdict, not manually reviewed"
dataset\hd_images\hd_images\1.0.jpg,3264,2448,407.55,34.13,160.75,good,good,"heuristic-proxy verdict, not manually reviewed"
dataset\hd_images\hd_images\1.1.jpg,3264,2448,407.55,34.13,160.75,good,good,"heuristic-proxy verdict, not manually reviewed"
dataset\hd_images\hd_images\1.10.jpg,4096,3072,480.15,33.28,161.78,good,good,"heuristic-proxy verdict, not manually reviewed"
dataset\hd_images\hd_images\1.100.jpg,4096,3072,561.13,34.5,157.7,good,good,"heuristic-proxy verdict, not manually reviewed"
dataset\hd_images\hd_images\1.101.jpg,4096,3072,561.13,34.5,157.7,good,good,"heuristic-proxy verdict, not manually reviewed"
dataset\hd_images\hd_images\1.102.jpg,4096,3072,435.13,34.11,156.6,good,good,"heuristic-proxy verdict, not manually reviewed"
dataset\hd_images\hd_images\1.103.jpg,4096,3072,435.13,34.11,156.6,good,good,"heuristic-proxy verdict, not manually reviewed"
dataset\hd_images\hd_images\1.104.jpg,4096,3072,485.3,35.34,157.96,good,good,"heuristic-proxy verdict, not manually reviewed"
dataset\hd_images\hd_images\1.105.jpg,4096,3072,485.3,35.34,157.96,good,good,"heuristic-proxy verdict, not manually reviewed"
dataset\hd_images\hd_images\1.106.jpg,4096,3072,519.5,34.2,155.78,good,good,"heuristic-proxy verdict, not manually reviewed"
dataset\hd_images\hd_images\1.107.jpg,4096,3072,519.5,34.2,155.78,good,good,"heuristic-proxy verdict, not manually reviewed"
dataset\hd_images\hd_images\1.108.jpg,4096,3072,472.62,35.54,155.07,good,good,"heuristic-proxy verdict, not manually reviewed"
dataset\hd_images\hd_images\1.109.jpg,4096,3072,472.62,35.54,155.07,good,good,"heuristic-proxy verdict, not manually reviewed"
dataset\hd_images\hd_images\1.11.jpg,4096,3072,480.15,33.28,161.78,good,good,"heuristic-proxy verdict, not manually reviewed"
dataset\hd_images\hd_images\1.110.jpg,4096,3072,509.44,36.14,156.92,good,good,"heuristic-proxy verdict, not manually reviewed"
dataset\hd_images\hd_images\1.111.jpg,4096,3072,509.44,36.14,156.92,good,good,"heuristic-proxy verdict, not manually reviewed"
dataset\hd_images\hd_images\1.112.jpg,4096,3072,517.92,36.14,157.37,good,good,"heuristic-proxy verdict, not manually reviewed"
dataset\hd_images\hd_images\1.113.jpg,4096,3072,517.92,36.14,157.37,good,good,"heuristic-proxy verdict, not manually reviewed"
dataset\hd_images\hd_images\1.114.jpg,4096,3072,520.02,36.04,168.86,good,good,"heuristic-proxy verdict, not manually reviewed"
dataset\hd_images\hd_images\1.115.jpg,4096,3072,520.02,36.04,168.86,good,good,"heuristic-proxy verdict, not manually reviewed"
dataset\hd_images\hd_images\1.116.jpg,4096,3072,552.11,35.59,163.66,good,good,"heuristic-proxy verdict, not manually reviewed"
dataset\hd_images\hd_images\1.117.jpg,4096,3072,552.11,35.59,163.66,good,good,"heuristic-proxy verdict, not manually reviewed"
dataset\hd_images\hd_images\1.118.jpg,4096,3072,543.89,36.12,163.13,good,good,"heuristic-proxy verdict, not manually reviewed"
dataset\hd_images\hd_images\1.119.jpg,4096,3072,543.89,36.12,163.13,good,good,"heuristic-proxy verdict, not manually reviewed"
dataset\hd_images\hd_images\1.12.jpg,4096,3072,284.34,30.51,162.33,good,good,"heuristic-proxy verdict, not manually reviewed"
dataset\hd_images\hd_images\1.120.jpg,4096,3072,605.47,37.87,162.17,good,good,"heuristic-proxy verdict, not manually reviewed"
dataset\hd_images\hd_images\1.121.jpg,4096,3072,605.47,37.87,162.17,good,good,"heuristic-proxy verdict, not manually reviewed"
dataset\hd_images\hd_images\1.122.jpg,4096,3072,596.02,36.5,164.4,good,good,"heuristic-proxy verdict, not manually reviewed"
dataset\hd_images\hd_images\1.123.jpg,4096,3072,596.02,36.5,164.4,good,good,"heuristic-proxy verdict, not manually reviewed"
dataset\hd_images\hd_images\1.124.jpg,4096,3072,586.5,37.35,160.59,good,good,"heuristic-proxy verdict, not manually reviewed"
dataset\hd_images\hd_images\1.125.jpg,4096,3072,586.5,37.35,160.59,good,good,"heuristic-proxy verdict, not manually reviewed"
dataset\hd_images\hd_images\1.126.jpg,4096,3072,583.4,37.85,160.39,good,good,"heuristic-proxy verdict, not manually reviewed"
dataset\hd_images\hd_images\1.127.jpg,4096,3072,583.4,37.85,160.39,good,good,"heuristic-proxy verdict, not manually reviewed"
dataset\hd_images\hd_images\1.128.jpg,4096,3072,620.22,36.1,165.15,good,good,"heuristic-proxy verdict, not manually reviewed"
dataset\hd_images\hd_images\1.129.jpg,4096,3072,620.22,36.1,165.15,good,good,"heuristic-proxy verdict, not manually reviewed"
dataset\hd_images\hd_images\1.13.jpg,4096,3072,284.34,30.51,162.33,good,good,"heuristic-proxy verdict, not manually reviewed"
dataset\hd_images\hd_images\1.130.jpg,4096,3072,442.54,36.03,167.73,good,good,"heuristic-proxy verdict, not manually reviewed"
dataset\hd_images\hd_images\1.131.jpg,4096,3072,442.54,36.03,167.73,good,good,"heuristic-proxy verdict, not manually reviewed"
dataset\hd_images\hd_images\1.132.jpg,4096,3072,516.51,34.96,164.98,good,good,"heuristic-proxy verdict, not manually reviewed"
dataset\hd_images\hd_images\1.133.jpg,4096,3072,516.51,34.96,164.98,good,good,"heuristic-proxy verdict, not manually reviewed"
dataset\hd_images\hd_images\1.134.jpg,4096,3072,502.77,36.7,162.41,good,good,"heuristic-proxy verdict, not manually reviewed"
dataset\hd_images\hd_images\1.135.jpg,4096,3072,502.77,36.7,162.41,good,good,"heuristic-proxy verdict, not manually reviewed"
dataset\hd_images\hd_images\1.136.jpg,4096,3072,535.78,34.69,162.46,good,good,"heuristic-proxy verdict, not manually reviewed"
dataset\hd_images\hd_images\1.137.jpg,4096,3072,535.78,34.69,162.46,good,good,"heuristic-proxy verdict, not manually reviewed"
dataset\hd_images\hd_images\1.138.jpg,4096,3072,548.92,36.53,165.19,good,good,"heuristic-proxy verdict, not manually reviewed"
dataset\hd_images\hd_images\1.139.jpg,4096,3072,548.92,36.53,165.19,good,good,"heuristic-proxy verdict, not manually reviewed"
dataset\hd_images\hd_images\1.14.jpg,4096,3072,268.18,30.31,163.87,good,good,"heuristic-proxy verdict, not manually reviewed"
dataset\hd_images\hd_images\1.140.jpg,4096,3072,483.15,34.69,168.02,good,good,"heuristic-proxy verdict, not manually reviewed"
dataset\hd_images\hd_images\1.141.jpg,4096,3072,483.15,34.69,168.02,good,good,"heuristic-proxy verdict, not manually reviewed"
dataset\hd_images\hd_images\1.142.jpg,4096,3072,403.17,35.66,168.38,good,good,"heuristic-proxy verdict, not manually reviewed"
dataset\hd_images\hd_images\1.143.jpg,4096,3072,403.17,35.66,168.38,good,good,"heuristic-proxy verdict, not manually reviewed"
dataset\hd_images\hd_images\1.144.jpg,4096,3072,417.79,35.98,167.0,good,good,"heuristic-proxy verdict, not manually reviewed"
dataset\hd_images\hd_images\1.145.jpg,4096,3072,417.79,35.98,167.0,good,good,"heuristic-proxy verdict, not manually reviewed"
dataset\hd_images\hd_images\1.146.jpg,4096,3072,459.59,35.88,167.95,good,good,HAND-REVIEWED: confirmed good
dataset\hd_images\hd_images\1.147.jpg,4096,3072,459.59,35.88,167.95,good,good,"heuristic-proxy verdict, not manually reviewed"
dataset\hd_images\hd_images\1.148.jpg,4096,3072,460.03,36.98,171.61,good,good,"heuristic-proxy verdict, not manually reviewed"
dataset\hd_images\hd_images\1.149.jpg,4096,3072,460.03,36.98,171.61,good,good,"heuristic-proxy verdict, not manually reviewed"
dataset\hd_images\hd_images\1.15.jpg,4096,3072,268.18,30.31,163.87,good,good,"heuristic-proxy verdict, not manually reviewed"
dataset\hd_images\hd_images\1.150.jpg,4096,3072,369.56,35.9,167.86,good,good,"heuristic-proxy verdict, not manually reviewed"
dataset\hd_images\hd_images\1.151.jpg,4096,3072,369.56,35.9,167.86,good,good,"heuristic-proxy verdict, not manually reviewed"
dataset\hd_images\hd_images\1.152.jpg,4096,3072,291.83,35.42,169.23,good,good,"heuristic-proxy verdict, not manually reviewed"
dataset\hd_images\hd_images\1.153.jpg,4096,3072,291.83,35.42,169.23,good,good,"heuristic-proxy verdict, not manually reviewed"
dataset\hd_images\hd_images\1.154.jpg,4096,3072,437.1,37.45,165.84,good,good,"heuristic-proxy verdict, not manually reviewed"
dataset\hd_images\hd_images\1.155.jpg,4096,3072,437.1,37.45,165.84,good,good,"heuristic-proxy verdict, not manually reviewed"
dataset\hd_images\hd_images\1.156.jpg,4096,3072,475.6,37.5,172.31,good,good,"heuristic-proxy verdict, not manually reviewed"
dataset\hd_images\hd_images\1.157.jpg,4096,3072,475.6,37.5,172.31,good,good,"heuristic-proxy verdict, not manually reviewed"
dataset\hd_images\hd_images\1.158.jpg,4096,3072,381.34,37.37,167.01,good,good,"heuristic-proxy verdict, not manually reviewed"
dataset\hd_images\hd_images\1.159.jpg,4096,3072,381.34,37.37,167.01,good,good,"heuristic-proxy verdict, not manually reviewed"
dataset\hd_images\hd_images\1.16.jpg,4096,3072,238.45,29.44,157.16,good,good,"heuristic-proxy verdict, not manually reviewed"
dataset\hd_images\hd_images\1.160.jpg,4096,3072,501.23,36.46,169.31,good,good,"heuristic-proxy verdict, not manually reviewed"
dataset\hd_images\hd_images\1.161.jpg,4096,3072,501.23,36.46,169.31,good,good,"heuristic-proxy verdict, not manually reviewed"
dataset\hd_images\hd_images\1.162.jpg,4096,3072,471.35,35.08,170.56,good,good,"heuristic-proxy verdict, not manually reviewed"
dataset\hd_images\hd_images\1.163.jpg,4096,3072,471.35,35.08,170.56,good,good,"heuristic-proxy verdict, not manually reviewed"
dataset\hd_images\hd_images\1.164.jpg,4096,3072,460.57,35.74,172.98,good,good,"heuristic-proxy verdict, not manually reviewed"
dataset\hd_images\hd_images\1.165.jpg,4096,3072,460.57,35.74,172.98,good,good,"heuristic-proxy verdict, not manually reviewed"
dataset\hd_images\hd_images\1.166.jpg,4096,3072,528.67,34.12,171.36,good,good,"heuristic-proxy verdict, not manually reviewed"
dataset\hd_images\hd_images\1.167.jpg,4096,3072,528.67,34.12,171.36,good,good,"heuristic-proxy verdict, not manually reviewed"
dataset\hd_images\hd_images\1.168.jpg,4096,3072,289.2,33.33,173.18,good,good,"heuristic-proxy verdict, not manually reviewed"
dataset\hd_images\hd_images\1.169.jpg,4096,3072,289.2,33.33,173.18,good,good,"heuristic-proxy verdict, not manually reviewed"
dataset\hd_images\hd_images\1.17.jpg,4096,3072,238.45,29.44,157.16,good,good,"heuristic-proxy verdict, not manually reviewed"
dataset\hd_images\hd_images\1.170.jpg,4096,3072,354.77,31.81,166.81,good,good,"heuristic-proxy verdict, not manually reviewed"
dataset\hd_images\hd_images\1.171.jpg,4096,3072,354.77,31.81,166.81,good,good,"heuristic-proxy verdict, not manually reviewed"
dataset\hd_images\hd_images\1.172.jpg,4096,3072,308.96,31.96,172.75,good,good,"heuristic-proxy verdict, not manually reviewed"
dataset\hd_images\hd_images\1.173.jpg,4096,3072,308.96,31.96,172.75,good,good,"heuristic-proxy verdict, not manually reviewed"
dataset\hd_images\hd_images\1.174.jpg,4096,3072,402.14,31.24,165.24,good,good,"heuristic-proxy verdict, not manually reviewed"
dataset\hd_images\hd_images\1.175.jpg,4096,3072,402.14,31.24,165.24,good,good,"heuristic-proxy verdict, not manually reviewed"
dataset\hd_images\hd_images\1.176.jpg,4096,3072,358.19,31.93,169.57,good,good,"heuristic-proxy verdict, not manually reviewed"
dataset\hd_images\hd_images\1.177.jpg,4096,3072,358.19,31.93,169.57,good,good,"heuristic-proxy verdict, not manually reviewed"
dataset\hd_images\hd_images\1.178.jpg,4096,3072,315.96,30.8,168.58,good,good,"heuristic-proxy verdict, not manually reviewed"
dataset\hd_images\hd_images\1.179.jpg,4096,3072,315.96,30.8,168.58,good,good,"heuristic-proxy verdict, not manually reviewed"
dataset\hd_images\hd_images\1.18.jpg,4096,3072,548.33,34.93,157.89,good,good,"heuristic-proxy verdict, not manually reviewed"
dataset\hd_images\hd_images\1.180.jpg,4096,3072,350.85,33.32,167.28,good,good,"heuristic-proxy verdict, not manually reviewed"
dataset\hd_images\hd_images\1.181.jpg,4096,3072,350.85,33.32,167.28,good,good,"heuristic-proxy verdict, not manually reviewed"
dataset\hd_images\hd_images\1.182.jpg,4096,3072,280.46,31.49,169.55,good,good,"heuristic-proxy verdict, not manually reviewed"
dataset\hd_images\hd_images\1.183.jpg,4096,3072,280.46,31.49,169.55,good,good,"heuristic-proxy verdict, not manually reviewed"
dataset\hd_images\hd_images\1.184.jpg,4096,3072,373.32,34.19,169.47,good,good,"heuristic-proxy verdict, not manually reviewed"
dataset\hd_images\hd_images\1.185.jpg,4096,3072,373.32,34.19,169.47,good,good,"heuristic-proxy verdict, not manually reviewed"
dataset\hd_images\hd_images\1.186.jpg,4096,3072,363.77,33.22,165.33,good,good,"heuristic-proxy verdict, not manually reviewed"
dataset\hd_images\hd_images\1.187.jpg,4096,3072,363.77,33.22,165.33,good,good,"heuristic-proxy verdict, not manually reviewed"
dataset\hd_images\hd_images\3.10.jpg,3910,792,246.4,17.59,90.07,acceptable,acceptable,"heuristic-proxy verdict, not manually reviewed"
dataset\hd_images\hd_images\3.100.jpg,3896,828,315.56,21.95,98.07,acceptable,acceptable,"heuristic-proxy verdict, not manually reviewed"
dataset\hd_images\hd_images\3.11.jpg,3906,840,297.47,25.11,90.98,good,good,HAND-REVIEWED: confirmed good
dataset\hd_images\hd_images\3.110.jpg,3832,788,567.33,15.84,96.8,acceptable,acceptable,"heuristic-proxy verdict, not manually reviewed"
dataset\hd_images\hd_images\3.111.jpg,3832,788,567.33,15.84,96.8,acceptable,acceptable,"heuristic-proxy verdict, not manually reviewed"
dataset\hd_images\hd_images\3.112.jpg,3908,780,500.18,14.97,94.23,acceptable,acceptable,"heuristic-proxy verdict, not manually reviewed"
dataset\hd_images\hd_images\3.114.jpg,3894,728,360.49,13.66,85.36,acceptable,acceptable,"heuristic-proxy verdict, not manually reviewed"
dataset\hd_images\hd_images\3.117.jpg,3932,764,425.04,19.95,99.35,acceptable,acceptable,"heuristic-proxy verdict, not manually reviewed"
dataset\hd_images\hd_images\3.118.jpg,3868,818,419.02,15.9,70.04,acceptable,acceptable,"heuristic-proxy verdict, not manually reviewed"
dataset\hd_images\hd_images\3.12.jpg,3904,792,201.13,16.43,80.12,acceptable,acceptable,"heuristic-proxy verdict, not manually reviewed"
dataset\hd_images\hd_images\3.120.jpg,3844,778,280.96,11.68,73.3,broken,good,"HAND-REVIEWED: heuristic bucket was wrong -- same page as Dataset/train/3.120.jpg, clearly legible"
dataset\hd_images\hd_images\3.122.jpg,3888,798,364.1,16.2,71.75,acceptable,acceptable,"heuristic-proxy verdict, not manually reviewed"
dataset\hd_images\hd_images\3.123.jpg,3842,786,558.68,18.08,88.51,acceptable,acceptable,"heuristic-proxy verdict, not manually reviewed"
dataset\hd_images\hd_images\3.124.jpg,3838,828,304.16,16.99,78.63,acceptable,acceptable,"heuristic-proxy verdict, not manually reviewed"
dataset\hd_images\hd_images\3.125.jpg,3876,810,621.83,20.26,86.51,acceptable,acceptable,"heuristic-proxy verdict, not manually reviewed"
dataset\hd_images\hd_images\3.126.jpg,3828,816,401.52,15.54,71.08,acceptable,acceptable,"heuristic-proxy verdict, not manually reviewed"
dataset\hd_images\hd_images\3.127.jpg,3852,748,328.83,15.6,58.61,acceptable,acceptable,"heuristic-proxy verdict, not manually reviewed"
dataset\hd_images\hd_images\3.13.jpg,3818,854,98.41,16.99,84.22,acceptable,acceptable,"heuristic-proxy verdict, not manually reviewed"
dataset\hd_images\hd_images\3.130.jpg,3840,830,194.85,23.86,77.3,acceptable,acceptable,"heuristic-proxy verdict, not manually reviewed"
dataset\hd_images\hd_images\3.131.jpg,3886,840,297.37,14.25,70.12,acceptable,acceptable,"heuristic-proxy verdict, not manually reviewed"
dataset\hd_images\hd_images\3.132.jpg,3830,834,271.37,14.34,74.82,acceptable,acceptable,"heuristic-proxy verdict, not manually reviewed"
dataset\hd_images\hd_images\3.133.jpg,3862,850,332.34,15.22,70.72,acceptable,acceptable,"heuristic-proxy verdict, not manually reviewed"
dataset\hd_images\hd_images\3.137.jpg,3828,776,418.21,14.5,88.82,acceptable,acceptable,"heuristic-proxy verdict, not manually reviewed"
dataset\hd_images\hd_images\3.138.jpg,3864,842,310.02,16.13,74.63,acceptable,acceptable,"heuristic-proxy verdict, not manually reviewed"
dataset\hd_images\hd_images\3.139.jpg,3832,828,571.03,21.62,89.14,acceptable,acceptable,"heuristic-proxy verdict, not manually reviewed"
dataset\hd_images\hd_images\3.14.jpg,3930,864,328.4,25.88,90.68,good,good,"heuristic-proxy verdict, not manually reviewed"
dataset\hd_images\hd_images\3.140.jpg,3870,846,530.77,20.58,95.58,acceptable,acceptable,"heuristic-proxy verdict, not manually reviewed"
dataset\hd_images\hd_images\3.141.jpg,3902,810,221.99,17.31,90.12,acceptable,acceptable,HAND-REVIEWED: confirmed acceptable
dataset\hd_images\hd_images\3.142.jpg,3832,788,567.33,15.84,96.8,acceptable,acceptable,"heuristic-proxy verdict, not manually reviewed"
dataset\hd_images\hd_images\3.144.jpg,3842,786,558.68,18.08,88.51,acceptable,acceptable,"heuristic-proxy verdict, not manually reviewed"
dataset\hd_images\hd_images\3.145.jpg,3842,786,558.68,18.08,88.51,acceptable,acceptable,"heuristic-proxy verdict, not manually reviewed"
dataset\hd_images\hd_images\3.146.jpg,3780,756,264.83,14.85,84.75,acceptable,acceptable,"heuristic-proxy verdict, not manually reviewed"
dataset\hd_images\hd_images\3.147.jpg,3916,954,248.22,23.06,73.5,acceptable,acceptable,"heuristic-proxy verdict, not manually reviewed"
dataset\hd_images\hd_images\3.149.jpg,3818,854,98.41,16.99,84.22,acceptable,acceptable,"heuristic-proxy verdict, not manually reviewed"
dataset\hd_images\hd_images\3.15.jpg,3934,762,206.58,16.1,92.44,acceptable,acceptable,"heuristic-proxy verdict, not manually reviewed"
dataset\hd_images\hd_images\3.150.jpg,3928,882,310.65,21.07,74.56,acceptable,acceptable,"heuristic-proxy verdict, not manually reviewed"
dataset\hd_images\hd_images\3.153.jpg,3898,802,297.23,21.75,93.53,acceptable,acceptable,"heuristic-proxy verdict, not manually reviewed"
dataset\hd_images\hd_images\3.154.jpg,3902,774,292.2,17.98,97.23,acceptable,acceptable,"heuristic-proxy verdict, not manually reviewed"
dataset\hd_images\hd_images\3.155.jpg,3936,716,275.83,13.67,94.56,acceptable,acceptable,"heuristic-proxy verdict, not manually reviewed"
dataset\hd_images\hd_images\3.156.jpg,3780,756,264.83,14.85,84.75,acceptable,acceptable,"heuristic-proxy verdict, not manually reviewed"
dataset\hd_images\hd_images\3.157.jpg,3872,842,701.14,26.52,95.76,good,good,"heuristic-proxy verdict, not manually reviewed"
dataset\hd_images\hd_images\3.158.jpg,3934,732,426.47,13.45,96.84,acceptable,acceptable,"heuristic-proxy verdict, not manually reviewed"
dataset\hd_images\hd_images\3.159.jpg,3962,848,544.18,21.43,85.79,acceptable,acceptable,"heuristic-proxy verdict, not manually reviewed"
dataset\hd_images\hd_images\3.160.jpg,3884,852,675.37,19.44,78.91,acceptable,acceptable,"heuristic-proxy verdict, not manually reviewed"
dataset\hd_images\hd_images\3.162.jpg,3838,790,263.91,12.28,60.9,acceptable,acceptable,"heuristic-proxy verdict, not manually reviewed"
dataset\hd_images\hd_images\3.163.jpg,3902,792,333.76,15.61,70.34,acceptable,acceptable,"heuristic-proxy verdict, not manually reviewed"
dataset\hd_images\hd_images\3.164.jpg,3830,766,418.79,13.39,86.38,acceptable,acceptable,"heuristic-proxy verdict, not manually reviewed"
dataset\hd_images\hd_images\3.166.jpg,3900,832,342.14,16.19,78.65,acceptable,acceptable,"heuristic-proxy verdict, not manually reviewed"
dataset\hd_images\hd_images\3.167.jpg,3780,756,264.83,14.85,84.75,acceptable,acceptable,"heuristic-proxy verdict, not manually reviewed"
dataset\hd_images\hd_images\3.169.jpg,3828,840,285.66,16.59,77.1,acceptable,acceptable,"heuristic-proxy verdict, not manually reviewed"
dataset\hd_images\hd_images\3.17.jpg,3978,850,404.03,25.37,92.56,good,good,"heuristic-proxy verdict, not manually reviewed"
dataset\hd_images\hd_images\3.170.jpg,3962,786,271.9,15.64,71.85,acceptable,acceptable,"heuristic-proxy verdict, not manually reviewed"
dataset\hd_images\hd_images\3.171.jpg,3896,788,78.93,16.21,108.89,acceptable,acceptable,"heuristic-proxy verdict, not manually reviewed"
dataset\hd_images\hd_images\3.172.jpg,3898,792,380.25,21.71,96.74,acceptable,acceptable,"heuristic-proxy verdict, not manually reviewed"
dataset\hd_images\hd_images\3.173.jpg,3966,876,349.63,23.12,88.37,acceptable,acceptable,"heuristic-proxy verdict, not manually reviewed"
dataset\hd_images\hd_images\3.176.jpg,3956,806,419.91,19.19,110.26,acceptable,acceptable,"heuristic-proxy verdict, not manually reviewed"
dataset\hd_images\hd_images\3.177.jpg,3910,786,308.43,13.13,91.6,acceptable,acceptable,"heuristic-proxy verdict, not manually reviewed"
dataset\hd_images\hd_images\3.178.jpg,3916,954,248.22,23.06,73.5,acceptable,acceptable,"heuristic-proxy verdict, not manually reviewed"
dataset\hd_images\hd_images\3.179.jpg,3884,818,355.78,21.8,89.28,acceptable,acceptable,"heuristic-proxy verdict, not manually reviewed"
dataset\hd_images\hd_images\3.180.jpg,3998,842,217.75,17.37,63.27,acceptable,acceptable,"heuristic-proxy verdict, not manually reviewed"
dataset\hd_images\hd_images\3.181.jpg,3892,832,421.2,23.12,90.85,acceptable,acceptable,"heuristic-proxy verdict, not manually reviewed"
dataset\hd_images\hd_images\3.184.jpg,3922,688,80.36,12.91,108.7,acceptable,acceptable,"heuristic-proxy verdict, not manually reviewed"
dataset\hd_images\hd_images\3.185.jpg,3934,774,421.92,17.86,102.33,acceptable,acceptable,"heuristic-proxy verdict, not manually reviewed"
dataset\hd_images\hd_images\3.186.jpg,3904,868,358.82,23.9,81.67,acceptable,acceptable,"heuristic-proxy verdict, not manually reviewed"
dataset\hd_images\hd_images\3.189.jpg,3916,954,248.22,23.06,73.5,acceptable,acceptable,"heuristic-proxy verdict, not manually reviewed"
dataset\hd_images\hd_images\3.19.jpg,3908,812,341.55,23.63,104.54,acceptable,acceptable,"heuristic-proxy verdict, not manually reviewed"
dataset\hd_images\hd_images\3.190.jpg,3904,816,633.07,22.41,108.73,acceptable,acceptable,"heuristic-proxy verdict, not manually reviewed"
dataset\hd_images\hd_images\3.192.jpg,3888,780,357.03,20.03,95.78,acceptable,acceptable,"heuristic-proxy verdict, not manually reviewed"
dataset\hd_images\hd_images\3.193.jpg,3910,822,101.29,19.5,78.48,acceptable,acceptable,"heuristic-proxy verdict, not manually reviewed"
dataset\hd_images\hd_images\3.194.jpg,3900,732,216.48,11.94,80.18,broken,good,"HAND-REVIEWED: heuristic bucket was wrong -- same page as Dataset/train/3.194.jpg, clearly legible"
dataset\hd_images\hd_images\3.196.jpg,3920,740,211.19,13.16,110.57,acceptable,acceptable,"heuristic-proxy verdict, not manually reviewed"
dataset\hd_images\hd_images\3.197.jpg,3908,816,219.38,16.06,92.8,acceptable,acceptable,"heuristic-proxy verdict, not manually reviewed"
dataset\hd_images\hd_images\3.199.jpg,3916,832,195.18,22.38,95.91,acceptable,acceptable,"heuristic-proxy verdict, not manually reviewed"
dataset\hd_images\hd_images\3.2.jpg,3818,854,98.41,16.99,84.22,acceptable,acceptable,"heuristic-proxy verdict, not manually reviewed"
dataset\hd_images\hd_images\3.20.jpg,3892,814,373.31,22.68,99.35,acceptable,acceptable,"heuristic-proxy verdict, not manually reviewed"
dataset\hd_images\hd_images\3.22.jpg,3872,636,277.47,24.22,101.12,acceptable,acceptable,"heuristic-proxy verdict, not manually reviewed"
dataset\hd_images\hd_images\3.23.jpg,3888,776,267.23,21.76,99.51,acceptable,acceptable,"heuristic-proxy verdict, not manually reviewed"
dataset\hd_images\hd_images\3.24.jpg,3928,882,310.65,21.07,74.56,acceptable,acceptable,"heuristic-proxy verdict, not manually reviewed"
dataset\hd_images\hd_images\3.25.jpg,3924,732,350.16,18.57,104.48,acceptable,acceptable,"heuristic-proxy verdict, not manually reviewed"
dataset\hd_images\hd_images\3.26.jpg,3920,718,281.28,15.94,89.2,acceptable,acceptable,"heuristic-proxy verdict, not manually reviewed"
dataset\hd_images\hd_images\3.27.jpg,3896,632,233.29,13.11,90.66,acceptable,acceptable,"heuristic-proxy verdict, not manually reviewed"
dataset\hd_images\hd_images\3.29.jpg,3916,880,111.2,23.24,72.79,acceptable,acceptable,"heuristic-proxy verdict, not manually reviewed"
dataset\hd_images\hd_images\3.30.jpg,3888,638,397.69,14.26,95.79,acceptable,acceptable,"heuristic-proxy verdict, not manually reviewed"
dataset\hd_images\hd_images\3.31.jpg,3966,888,162.01,24.94,73.71,acceptable,acceptable,"heuristic-proxy verdict, not manually reviewed"
dataset\hd_images\hd_images\3.34.jpg,3940,736,219.6,13.42,94.81,acceptable,acceptable,"heuristic-proxy verdict, not manually reviewed"
dataset\hd_images\hd_images\3.36.jpg,3946,734,252.84,14.03,99.85,acceptable,acceptable,"heuristic-proxy verdict, not manually reviewed"
dataset\hd_images\hd_images\3.37.jpg,3888,752,202.4,14.72,93.49,acceptable,acceptable,"heuristic-proxy verdict, not manually reviewed"
dataset\hd_images\hd_images\3.38.jpg,3886,782,493.31,21.94,111.21,acceptable,acceptable,"heuristic-proxy verdict, not manually reviewed"
dataset\hd_images\hd_images\3.39.jpg,3872,828,403.95,29.97,99.17,good,good,"heuristic-proxy verdict, not manually reviewed"
dataset\hd_images\hd_images\3.4.jpg,3932,856,472.73,27.87,96.9,good,good,"heuristic-proxy verdict, not manually reviewed"
dataset\hd_images\hd_images\3.40.jpg,3918,708,431.56,12.46,97.26,acceptable,acceptable,"heuristic-proxy verdict, not manually reviewed"
dataset\hd_images\hd_images\3.41.jpg,3920,842,377.09,20.97,93.24,acceptable,acceptable,"heuristic-proxy verdict, not manually reviewed"
dataset\hd_images\hd_images\3.42.jpg,3884,804,416.4,27.16,101.11,good,good,"heuristic-proxy verdict, not manually reviewed"
dataset\hd_images\hd_images\3.43.jpg,3880,808,335.05,25.72,100.53,good,good,"heuristic-proxy verdict, not manually reviewed"
dataset\hd_images\hd_images\3.44.jpg,3928,852,432.83,30.23,101.6,good,good,"heuristic-proxy verdict, not manually reviewed"
dataset\hd_images\hd_images\3.45.jpg,3916,788,228.01,22.4,104.97,acceptable,acceptable,"heuristic-proxy verdict, not manually reviewed"
dataset\hd_images\hd_images\3.46.jpg,3928,882,310.65,21.07,74.56,acceptable,acceptable,"heuristic-proxy verdict, not manually reviewed"
dataset\hd_images\hd_images\3.47.jpg,3894,974,184.48,14.46,95.44,acceptable,acceptable,"heuristic-proxy verdict, not manually reviewed"
dataset\hd_images\hd_images\3.49.jpg,3940,806,353.48,16.83,91.25,acceptable,acceptable,"heuristic-proxy verdict, not manually reviewed"
dataset\hd_images\hd_images\3.5.jpg,3932,788,473.64,21.52,92.84,acceptable,acceptable,"heuristic-proxy verdict, not manually reviewed"
dataset\hd_images\hd_images\3.51.jpg,3888,796,282.64,24.67,98.73,acceptable,acceptable,"heuristic-proxy verdict, not manually reviewed"
dataset\hd_images\hd_images\3.52.jpg,3896,810,217.02,25.11,94.37,good,good,"heuristic-proxy verdict, not manually reviewed"
dataset\hd_images\hd_images\3.53.jpg,3942,758,220.71,18.17,101.23,acceptable,acceptable,"heuristic-proxy verdict, not manually reviewed"
dataset\hd_images\hd_images\3.54.jpg,3938,876,387.16,31.17,92.33,good,good,"heuristic-proxy verdict, not manually reviewed"
dataset\hd_images\hd_images\3.55.jpg,3928,744,564.12,19.13,98.99,acceptable,acceptable,"heuristic-proxy verdict, not manually reviewed"
dataset\hd_images\hd_images\3.56.jpg,3880,812,379.34,22.92,94.15,acceptable,acceptable,"heuristic-proxy verdict, not manually reviewed"
dataset\hd_images\hd_images\3.58.jpg,3882,820,366.83,31.9,104.89,good,good,"heuristic-proxy verdict, not manually reviewed"
dataset\hd_images\hd_images\3.59.jpg,3952,684,257.38,17.27,96.8,acceptable,acceptable,"heuristic-proxy verdict, not manually reviewed"
dataset\hd_images\hd_images\3.6.jpg,3956,762,461.85,20.46,106.14,acceptable,acceptable,"heuristic-proxy verdict, not manually reviewed"
dataset\hd_images\hd_images\3.60.jpg,3892,874,402.54,30.01,91.31,good,good,"heuristic-proxy verdict, not manually reviewed"
dataset\hd_images\hd_images\3.62.jpg,886,3912,226.36,31.45,96.45,good,good,"heuristic-proxy verdict, not manually reviewed"
dataset\hd_images\hd_images\3.63.jpg,3940,828,219.8,21.71,86.59,acceptable,acceptable,"heuristic-proxy verdict, not manually reviewed"
dataset\hd_images\hd_images\3.64.jpg,3908,808,257.0,14.62,79.67,acceptable,acceptable,HAND-REVIEWED: confirmed acceptable
dataset\hd_images\hd_images\3.65.jpg,3886,692,244.7,15.67,101.13,acceptable,acceptable,"heuristic-proxy verdict, not manually reviewed"
dataset\hd_images\hd_images\3.66.jpg,6646,1040,280.21,37.43,131.64,good,good,"heuristic-proxy verdict, not manually reviewed"
dataset\hd_images\hd_images\3.67.jpg,3964,786,291.57,21.19,109.73,acceptable,acceptable,"heuristic-proxy verdict, not manually reviewed"
dataset\hd_images\hd_images\3.68.jpg,3894,832,172.18,17.48,82.34,acceptable,acceptable,"heuristic-proxy verdict, not manually reviewed"
dataset\hd_images\hd_images\3.69.jpg,3886,872,378.62,29.06,102.15,good,good,"heuristic-proxy verdict, not manually reviewed"
dataset\hd_images\hd_images\3.7.jpg,3906,784,209.77,13.27,97.53,acceptable,acceptable,"heuristic-proxy verdict, not manually reviewed"
dataset\hd_images\hd_images\3.70.jpg,3890,880,327.83,22.94,77.53,acceptable,acceptable,"heuristic-proxy verdict, not manually reviewed"
dataset\hd_images\hd_images\3.71.jpg,3942,802,633.66,24.79,107.86,acceptable,acceptable,"heuristic-proxy verdict, not manually reviewed"
dataset\hd_images\hd_images\3.72.jpg,3892,714,187.97,17.01,94.93,acceptable,acceptable,"heuristic-proxy verdict, not manually reviewed"
dataset\hd_images\hd_images\3.73.jpg,3932,672,462.38,25.19,109.98,good,good,"heuristic-proxy verdict, not manually reviewed"
dataset\hd_images\hd_images\3.77.jpg,3948,804,482.21,21.82,96.56,acceptable,acceptable,"heuristic-proxy verdict, not manually reviewed"
dataset\hd_images\hd_images\3.78.jpg,3906,774,377.95,23.96,96.08,acceptable,acceptable,"heuristic-proxy verdict, not manually reviewed"
dataset\hd_images\hd_images\3.8.jpg,3900,768,203.52,16.9,99.37,acceptable,acceptable,"heuristic-proxy verdict, not manually reviewed"
dataset\hd_images\hd_images\3.80.jpg,3888,856,480.4,27.41,91.46,good,good,"heuristic-proxy verdict, not manually reviewed"
dataset\hd_images\hd_images\3.81.jpg,3916,868,146.01,24.95,77.24,acceptable,acceptable,"heuristic-proxy verdict, not manually reviewed"
dataset\hd_images\hd_images\3.82.jpg,3896,732,415.23,13.93,95.43,acceptable,acceptable,"heuristic-proxy verdict, not manually reviewed"
dataset\hd_images\hd_images\3.83.jpg,3916,760,181.66,16.33,92.06,acceptable,acceptable,"heuristic-proxy verdict, not manually reviewed"
dataset\hd_images\hd_images\3.88.jpg,3916,748,257.92,14.6,97.81,acceptable,acceptable,HAND-REVIEWED: confirmed acceptable
dataset\hd_images\hd_images\3.89.jpg,3870,846,530.77,20.58,95.58,acceptable,acceptable,"heuristic-proxy verdict, not manually reviewed"
dataset\hd_images\hd_images\3.9.jpg,3916,866,393.45,25.59,99.86,good,good,"heuristic-proxy verdict, not manually reviewed"
